img1,img2,verified,distance
face\7T5A8407.jpg,face\7T5A8416.jpg,True,0.638650182992376
face\7T5A8407.jpg,face\7T5A8416_2.jpg,True,0.12904729315699326
face\7T5A8407.jpg,face\7T5A8432.jpg,True,0.3772943801963152
face\7T5A8407.jpg,face\7T5A8432_2.jpg,True,0.5790840286612893
face\7T5A8407.jpg,face\7T5A8445.jpg,True,0.5510641125662575
face\7T5A8407.jpg,face\7T5A8450.jpg,True,0.5897032232194961
face\7T5A8407.jpg,face\7T5A8452.jpg,True,0.33780243897386697
face\7T5A8407.jpg,face\7T5A8456.jpg,True,0.45727086181230125
face\7T5A8407.jpg,face\7T5A8457.jpg,True,0.3922163731349141
face\7T5A8407.jpg,face\7T5A8458.jpg,True,0.6215372043306546
face\7T5A8407.jpg,face\7T5A8468.jpg,True,0.3079768003222395
face\7T5A8407.jpg,face\7T5A8478.jpg,True,0.2984859244870074
face\7T5A8407.jpg,face\7T5A8485.jpg,True,0.43738521329060676
face\7T5A8407.jpg,face\7T5A8735.jpg,True,0.39729899505953115
face\7T5A8407.jpg,face\7T5A8740.jpg,True,0.6667274151404905
face\7T5A8407.jpg,face\7T5A8749.jpg,True,0.5974980826993432
face\7T5A8407.jpg,face\7T5A8753.jpg,True,0.20343977786359368
face\7T5A8407.jpg,face\7T5A8758.jpg,True,0.24750176812984037
face\7T5A8407.jpg,face\7T5A8762.jpg,True,0.25335353101819835
face\7T5A8407.jpg,face\7T5A8768.jpg,True,0.27618218353161417
face\7T5A8407.jpg,face\7T5A8795.jpg,True,0.20001964326412258
face\7T5A8407.jpg,face\7T5A8935.jpg,True,0.1920045905427813
face\7T5A8407.jpg,face\7T5A8936.jpg,False,0.7081671646667342
face\7T5A8407.jpg,face\7T5A9437.jpg,True,0.5619647837075847
face\7T5A8407.jpg,face\7T5A9449.jpg,True,0.4569744655705632
face\7T5A8407.jpg,face\7T5A9450.jpg,True,0.48498239815327104
face\7T5A8407.jpg,face\7T5A9451.jpg,True,0.3884629042944884
face\7T5A8407.jpg,face\7T5A9454.jpg,True,0.32068685865823343
face\7T5A8407.jpg,face\7T5A9474.jpg,True,0.6378598770026244
face\7T5A8407.jpg,face\7T5A9492.jpg,True,0.37321390672859145
face\7T5A8407.jpg,face\7T5A9492_2.jpg,True,0.5433651859341596
face\7T5A8407.jpg,face\7T5A9492_3.jpg,True,0.4986864672293998
face\7T5A8407.jpg,face\7T5A9493.jpg,True,0.4106007990860997
face\7T5A8407.jpg,face\7T5A9496.jpg,False,0.6937412502156064
face\7T5A8407.jpg,face\7T5A9500.jpg,True,0.5180032129292752
face\7T5A8407.jpg,face\7T5A9583.jpg,True,0.45260001572781683
face\7T5A8407.jpg,face\7T5A9599.jpg,True,0.24637401191140607
face\7T5A8407.jpg,face\7T5A9654.jpg,True,0.6727432262670968
face\7T5A8407.jpg,face\7T5A9676.jpg,True,0.2605361366731541
face\7T5A8407.jpg,face\7T5A9678.jpg,True,0.3625821358179454
face\7T5A8407.jpg,face\7T5A9678_2.jpg,True,0.6172240030812367
face\7T5A8407.jpg,face\7T5A9685.jpg,True,0.17017051264331795
face\7T5A8407.jpg,face\7T5A9685_2.jpg,True,0.4943154395895284
face\7T5A8407.jpg,face\7T5A9686.jpg,True,0.523221274191221
face\7T5A8407.jpg,face\IMG_6716.jpg,True,0.40472727793180485
face\7T5A8407.jpg,face\IMG_6752.jpg,True,0.5143316257121402
face\7T5A8407.jpg,face\IMG_6752_2.jpg,True,0.2505814784333842
face\7T5A8407.jpg,face\IMG_6753.jpg,False,0.6802649071548744
face\7T5A8416.jpg,face\7T5A8416_2.jpg,True,0.5937222418402259
face\7T5A8416.jpg,face\7T5A8432.jpg,False,0.6970589380935597
face\7T5A8416.jpg,face\7T5A8432_2.jpg,True,0.426188417300447
face\7T5A8416.jpg,face\7T5A8445.jpg,True,0.5943487122497685
face\7T5A8416.jpg,face\7T5A8450.jpg,True,0.6761506287955268
face\7T5A8416.jpg,face\7T5A8452.jpg,False,0.7083224558440496
face\7T5A8416.jpg,face\7T5A8456.jpg,True,0.4755824872116188
face\7T5A8416.jpg,face\7T5A8457.jpg,False,0.736716624878891
face\7T5A8416.jpg,face\7T5A8458.jpg,True,0.37172069219944537
face\7T5A8416.jpg,face\7T5A8468.jpg,False,0.689672228728332
face\7T5A8416.jpg,face\7T5A8478.jpg,True,0.45069084260477976
face\7T5A8416.jpg,face\7T5A8485.jpg,True,0.5014159481391288
face\7T5A8416.jpg,face\7T5A8735.jpg,False,0.6913291778929564
face\7T5A8416.jpg,face\7T5A8740.jpg,True,0.6226828540217149
face\7T5A8416.jpg,face\7T5A8749.jpg,True,0.5734261575166544
face\7T5A8416.jpg,face\7T5A8753.jpg,True,0.484594075499286
face\7T5A8416.jpg,face\7T5A8758.jpg,True,0.4989665451265147
face\7T5A8416.jpg,face\7T5A8762.jpg,True,0.5245874030990213
face\7T5A8416.jpg,face\7T5A8768.jpg,True,0.521476013391482
face\7T5A8416.jpg,face\7T5A8795.jpg,False,0.6980457915008365
face\7T5A8416.jpg,face\7T5A8935.jpg,True,0.5718977882704717
face\7T5A8416.jpg,face\7T5A8936.jpg,True,0.5223585031296312
face\7T5A8416.jpg,face\7T5A9437.jpg,True,0.5731313787767981
face\7T5A8416.jpg,face\7T5A9449.jpg,True,0.5432058026014462
face\7T5A8416.jpg,face\7T5A9450.jpg,True,0.6318553619717733
face\7T5A8416.jpg,face\7T5A9451.jpg,True,0.585607040181473
face\7T5A8416.jpg,face\7T5A9454.jpg,True,0.5486923218378132
face\7T5A8416.jpg,face\7T5A9474.jpg,True,0.3975184703680079
face\7T5A8416.jpg,face\7T5A9492.jpg,True,0.3273992187152246
face\7T5A8416.jpg,face\7T5A9492_2.jpg,True,0.5831644453151934
face\7T5A8416.jpg,face\7T5A9492_3.jpg,True,0.5629796149705601
face\7T5A8416.jpg,face\7T5A9493.jpg,True,0.38307459331339233
face\7T5A8416.jpg,face\7T5A9496.jpg,True,0.6228994675118504
face\7T5A8416.jpg,face\7T5A9500.jpg,True,0.5463334769016498
face\7T5A8416.jpg,face\7T5A9583.jpg,True,0.5013570291943442
face\7T5A8416.jpg,face\7T5A9599.jpg,True,0.5584631086564815
face\7T5A8416.jpg,face\7T5A9654.jpg,True,0.546956013375838
face\7T5A8416.jpg,face\7T5A9676.jpg,True,0.6603274070593955
face\7T5A8416.jpg,face\7T5A9678.jpg,True,0.6544789291353217
face\7T5A8416.jpg,face\7T5A9678_2.jpg,True,0.5623273002669089
face\7T5A8416.jpg,face\7T5A9685.jpg,True,0.6457865023307108
face\7T5A8416.jpg,face\7T5A9685_2.jpg,True,0.5458234860760178
face\7T5A8416.jpg,face\7T5A9686.jpg,True,0.5019747112286622
face\7T5A8416.jpg,face\IMG_6716.jpg,True,0.38993578924631556
face\7T5A8416.jpg,face\IMG_6752.jpg,True,0.5121541270310846
face\7T5A8416.jpg,face\IMG_6752_2.jpg,True,0.6261585003513044
face\7T5A8416.jpg,face\IMG_6753.jpg,True,0.5903320043667889
face\7T5A8416_2.jpg,face\7T5A8432.jpg,True,0.38752987199181577
face\7T5A8416_2.jpg,face\7T5A8432_2.jpg,True,0.5625344238057683
face\7T5A8416_2.jpg,face\7T5A8445.jpg,True,0.5652743100788782
face\7T5A8416_2.jpg,face\7T5A8450.jpg,True,0.6215016277307952
face\7T5A8416_2.jpg,face\7T5A8452.jpg,True,0.3519823061698537
face\7T5A8416_2.jpg,face\7T5A8456.jpg,True,0.4122186547808786
face\7T5A8416_2.jpg,face\7T5A8457.jpg,True,0.3183064950168242
face\7T5A8416_2.jpg,face\7T5A8458.jpg,True,0.6093599545486461
face\7T5A8416_2.jpg,face\7T5A8468.jpg,True,0.33292596774094263
face\7T5A8416_2.jpg,face\7T5A8478.jpg,True,0.2698326034709184
face\7T5A8416_2.jpg,face\7T5A8485.jpg,True,0.41058962341546346
face\7T5A8416_2.jpg,face\7T5A8735.jpg,True,0.35791864759809455
face\7T5A8416_2.jpg,face\7T5A8740.jpg,True,0.6470444725299717
face\7T5A8416_2.jpg,face\7T5A8749.jpg,True,0.6102097844332177
face\7T5A8416_2.jpg,face\7T5A8753.jpg,True,0.12970894580053915
face\7T5A8416_2.jpg,face\7T5A8758.jpg,True,0.185205405528583
face\7T5A8416_2.jpg,face\7T5A8762.jpg,True,0.13813492262134108
face\7T5A8416_2.jpg,face\7T5A8768.jpg,True,0.15758944326678548
face\7T5A8416_2.jpg,face\7T5A8795.jpg,True,0.18058485851643868
face\7T5A8416_2.jpg,face\7T5A8935.jpg,True,0.26080144960806506
face\7T5A8416_2.jpg,face\7T5A8936.jpg,False,0.6823391821728257
face\7T5A8416_2.jpg,face\7T5A9437.jpg,True,0.5386578067568689
face\7T5A8416_2.jpg,face\7T5A9449.jpg,True,0.4005258799452517
face\7T5A8416_2.jpg,face\7T5A9450.jpg,True,0.4449701975076681
face\7T5A8416_2.jpg,face\7T5A9451.jpg,True,0.33097307578434276
face\7T5A8416_2.jpg,face\7T5A9454.jpg,True,0.2911119787746902
face\7T5A8416_2.jpg,face\7T5A9474.jpg,True,0.589426364313921
face\7T5A8416_2.jpg,face\7T5A9492.jpg,True,0.3677646655188358
face\7T5A8416_2.jpg,face\7T5A9492_2.jpg,True,0.49878808867404656
face\7T5A8416_2.jpg,face\7T5A9492_3.jpg,True,0.4038690371840299
face\7T5A8416_2.jpg,face\7T5A9493.jpg,True,0.34503670143906695
face\7T5A8416_2.jpg,face\7T5A9496.jpg,True,0.6526842561090536
face\7T5A8416_2.jpg,face\7T5A9500.jpg,True,0.4104909206934202
face\7T5A8416_2.jpg,face\7T5A9583.jpg,True,0.370896578096762
face\7T5A8416_2.jpg,face\7T5A9599.jpg,True,0.27169972329586245
face\7T5A8416_2.jpg,face\7T5A9654.jpg,True,0.6082336261300885
face\7T5A8416_2.jpg,face\7T5A9676.jpg,True,0.28440774015038706
face\7T5A8416_2.jpg,face\7T5A9678.jpg,True,0.2976198286994822
face\7T5A8416_2.jpg,face\7T5A9678_2.jpg,True,0.6002620246300148
face\7T5A8416_2.jpg,face\7T5A9685.jpg,True,0.16926248505982489
face\7T5A8416_2.jpg,face\7T5A9685_2.jpg,True,0.4916623017678262
face\7T5A8416_2.jpg,face\7T5A9686.jpg,True,0.5262228740740116
face\7T5A8416_2.jpg,face\IMG_6716.jpg,True,0.37075811781530876
face\7T5A8416_2.jpg,face\IMG_6752.jpg,True,0.5091373259180618
face\7T5A8416_2.jpg,face\IMG_6752_2.jpg,True,0.26468580783669593
face\7T5A8416_2.jpg,face\IMG_6753.jpg,True,0.6753390185438526
face\7T5A8432.jpg,face\7T5A8432_2.jpg,True,0.5609588545560777
face\7T5A8432.jpg,face\7T5A8445.jpg,False,0.6854264828407232
face\7T5A8432.jpg,face\7T5A8450.jpg,True,0.3520363365124133
face\7T5A8432.jpg,face\7T5A8452.jpg,True,0.3479492452225864
face\7T5A8432.jpg,face\7T5A8456.jpg,True,0.5784917365289757
face\7T5A8432.jpg,face\7T5A8457.jpg,True,0.2754992128397168
face\7T5A8432.jpg,face\7T5A8458.jpg,True,0.528362725358158
face\7T5A8432.jpg,face\7T5A8468.jpg,True,0.33718605030009585
face\7T5A8432.jpg,face\7T5A8478.jpg,True,0.3988533632450948
face\7T5A8432.jpg,face\7T5A8485.jpg,True,0.6218626604506623
face\7T5A8432.jpg,face\7T5A8735.jpg,True,0.3973359672777561
face\7T5A8432.jpg,face\7T5A8740.jpg,True,0.5149444201953077
face\7T5A8432.jpg,face\7T5A8749.jpg,False,0.7786771223094442
face\7T5A8432.jpg,face\7T5A8753.jpg,True,0.4731261154395432
face\7T5A8432.jpg,face\7T5A8758.jpg,True,0.4697656512501558
face\7T5A8432.jpg,face\7T5A8762.jpg,True,0.4868573323374832
face\7T5A8432.jpg,face\7T5A8768.jpg,True,0.5000656833287176
face\7T5A8432.jpg,face\7T5A8795.jpg,True,0.4555861187099054
face\7T5A8432.jpg,face\7T5A8935.jpg,True,0.44170935596026484
face\7T5A8432.jpg,face\7T5A8936.jpg,True,0.517421859993074
face\7T5A8432.jpg,face\7T5A9437.jpg,True,0.3666955363801986
face\7T5A8432.jpg,face\7T5A9449.jpg,True,0.40801599130573507
face\7T5A8432.jpg,face\7T5A9450.jpg,True,0.5746589166779481
face\7T5A8432.jpg,face\7T5A9451.jpg,True,0.4697431996240208
face\7T5A8432.jpg,face\7T5A9454.jpg,True,0.6163557766033196
face\7T5A8432.jpg,face\7T5A9474.jpg,True,0.5152779397969687
face\7T5A8432.jpg,face\7T5A9492.jpg,True,0.45237100241844996
face\7T5A8432.jpg,face\7T5A9492_2.jpg,True,0.49221017791041133
face\7T5A8432.jpg,face\7T5A9492_3.jpg,True,0.63774722462864
face\7T5A8432.jpg,face\7T5A9493.jpg,True,0.4543257518644357
face\7T5A8432.jpg,face\7T5A9496.jpg,True,0.5123783597867925
face\7T5A8432.jpg,face\7T5A9500.jpg,True,0.4570491511847007
face\7T5A8432.jpg,face\7T5A9583.jpg,True,0.4469449621157763
face\7T5A8432.jpg,face\7T5A9599.jpg,True,0.4834194691076181
face\7T5A8432.jpg,face\7T5A9654.jpg,True,0.5628897307061509
face\7T5A8432.jpg,face\7T5A9676.jpg,True,0.39054495347869034
face\7T5A8432.jpg,face\7T5A9678.jpg,True,0.4550311883546613
face\7T5A8432.jpg,face\7T5A9678_2.jpg,True,0.5127211360448392
face\7T5A8432.jpg,face\7T5A9685.jpg,True,0.3734497120693817
face\7T5A8432.jpg,face\7T5A9685_2.jpg,True,0.5954822135472386
face\7T5A8432.jpg,face\7T5A9686.jpg,True,0.6150388320871812
face\7T5A8432.jpg,face\IMG_6716.jpg,True,0.4652822182779869
face\7T5A8432.jpg,face\IMG_6752.jpg,True,0.6139572419282062
face\7T5A8432.jpg,face\IMG_6752_2.jpg,True,0.3602318674540278
face\7T5A8432.jpg,face\IMG_6753.jpg,True,0.47876094325747687
face\7T5A8432_2.jpg,face\7T5A8445.jpg,True,0.622908696224769
face\7T5A8432_2.jpg,face\7T5A8450.jpg,True,0.48729317039812425
face\7T5A8432_2.jpg,face\7T5A8452.jpg,True,0.6650830849013467
face\7T5A8432_2.jpg,face\7T5A8456.jpg,True,0.4752136300649539
face\7T5A8432_2.jpg,face\7T5A8457.jpg,True,0.5566096311785915
face\7T5A8432_2.jpg,face\7T5A8458.jpg,True,0.3394707720443745
face\7T5A8432_2.jpg,face\7T5A8468.jpg,True,0.6248932671590963
face\7T5A8432_2.jpg,face\7T5A8478.jpg,True,0.5162589669624098
face\7T5A8432_2.jpg,face\7T5A8485.jpg,True,0.5728849875993405
face\7T5A8432_2.jpg,face\7T5A8735.jpg,True,0.5731224880640506
face\7T5A8432_2.jpg,face\7T5A8740.jpg,True,0.3885932571326941
face\7T5A8432_2.jpg,face\7T5A8749.jpg,True,0.6546711552324884
face\7T5A8432_2.jpg,face\7T5A8753.jpg,True,0.5475410845094302
face\7T5A8432_2.jpg,face\7T5A8758.jpg,True,0.5315429557559881
face\7T5A8432_2.jpg,face\7T5A8762.jpg,True,0.5816695649475294
face\7T5A8432_2.jpg,face\7T5A8768.jpg,True,0.5538099830752993
face\7T5A8432_2.jpg,face\7T5A8795.jpg,False,0.6845771587524224
face\7T5A8432_2.jpg,face\7T5A8935.jpg,True,0.6162227808211646
face\7T5A8432_2.jpg,face\7T5A8936.jpg,True,0.29634632057342547
face\7T5A8432_2.jpg,face\7T5A9437.jpg,True,0.4924077689895454
face\7T5A8432_2.jpg,face\7T5A9449.jpg,True,0.33100277588969884
face\7T5A8432_2.jpg,face\7T5A9450.jpg,True,0.6129274880597657
face\7T5A8432_2.jpg,face\7T5A9451.jpg,True,0.5907036051923827
face\7T5A8432_2.jpg,face\7T5A9454.jpg,True,0.6346940755779675
face\7T5A8432_2.jpg,face\7T5A9474.jpg,True,0.1873694154911456
face\7T5A8432_2.jpg,face\7T5A9492.jpg,True,0.25634205751647576
face\7T5A8432_2.jpg,face\7T5A9492_2.jpg,True,0.33567310327538835
face\7T5A8432_2.jpg,face\7T5A9492_3.jpg,True,0.5469004905258046
face\7T5A8432_2.jpg,face\7T5A9493.jpg,True,0.4650379069230207
face\7T5A8432_2.jpg,face\7T5A9496.jpg,True,0.4055159615781033
face\7T5A8432_2.jpg,face\7T5A9500.jpg,True,0.5521445324182788
face\7T5A8432_2.jpg,face\7T5A9583.jpg,True,0.5209016053160247
face\7T5A8432_2.jpg,face\7T5A9599.jpg,True,0.4920182201858706
face\7T5A8432_2.jpg,face\7T5A9654.jpg,True,0.29388087848660915
face\7T5A8432_2.jpg,face\7T5A9676.jpg,True,0.5260328445651885
face\7T5A8432_2.jpg,face\7T5A9678.jpg,True,0.554833922743408
face\7T5A8432_2.jpg,face\7T5A9678_2.jpg,True,0.2749300441430138
face\7T5A8432_2.jpg,face\7T5A9685.jpg,True,0.5889667794324189
face\7T5A8432_2.jpg,face\7T5A9685_2.jpg,True,0.6536204206381788
face\7T5A8432_2.jpg,face\7T5A9686.jpg,True,0.6295333471752698
face\7T5A8432_2.jpg,face\IMG_6716.jpg,True,0.36646954645665764
face\7T5A8432_2.jpg,face\IMG_6752.jpg,True,0.6309040036736584
face\7T5A8432_2.jpg,face\IMG_6752_2.jpg,True,0.5484485723675359
face\7T5A8432_2.jpg,face\IMG_6753.jpg,True,0.38272346919115163
face\7T5A8445.jpg,face\7T5A8450.jpg,True,0.6141072913580898
face\7T5A8445.jpg,face\7T5A8452.jpg,True,0.40061589119517704
face\7T5A8445.jpg,face\7T5A8456.jpg,True,0.41804144541486865
face\7T5A8445.jpg,face\7T5A8457.jpg,True,0.6683559968249329
face\7T5A8445.jpg,face\7T5A8458.jpg,False,0.7284457326343938
face\7T5A8445.jpg,face\7T5A8468.jpg,False,0.6977559058906664
face\7T5A8445.jpg,face\7T5A8478.jpg,True,0.5962384804315288
face\7T5A8445.jpg,face\7T5A8485.jpg,False,0.7116502495471451
face\7T5A8445.jpg,face\7T5A8735.jpg,True,0.5603602755098357
face\7T5A8445.jpg,face\7T5A8740.jpg,False,0.710254226837712
face\7T5A8445.jpg,face\7T5A8749.jpg,True,0.268851060251441
face\7T5A8445.jpg,face\7T5A8753.jpg,True,0.5654772795967526
face\7T5A8445.jpg,face\7T5A8758.jpg,True,0.607149758276164
face\7T5A8445.jpg,face\7T5A8762.jpg,True,0.6119769543905211
face\7T5A8445.jpg,face\7T5A8768.jpg,True,0.5987534916021474
face\7T5A8445.jpg,face\7T5A8795.jpg,True,0.5543320710317832
face\7T5A8445.jpg,face\7T5A8935.jpg,True,0.4151176828181552
face\7T5A8445.jpg,face\7T5A8936.jpg,False,0.688291116786717
face\7T5A8445.jpg,face\7T5A9437.jpg,False,0.6808838973388613
face\7T5A8445.jpg,face\7T5A9449.jpg,True,0.4853602234059129
face\7T5A8445.jpg,face\7T5A9450.jpg,True,0.3911688317347163
face\7T5A8445.jpg,face\7T5A9451.jpg,True,0.4037638440872444
face\7T5A8445.jpg,face\7T5A9454.jpg,True,0.5975492056515044
face\7T5A8445.jpg,face\7T5A9474.jpg,True,0.6100981142180469
face\7T5A8445.jpg,face\7T5A9492.jpg,True,0.509933059825171
face\7T5A8445.jpg,face\7T5A9492_2.jpg,True,0.617383833644015
face\7T5A8445.jpg,face\7T5A9492_3.jpg,False,0.6820538771757498
face\7T5A8445.jpg,face\7T5A9493.jpg,True,0.5372714654448334
face\7T5A8445.jpg,face\7T5A9496.jpg,False,0.6960528735230087
face\7T5A8445.jpg,face\7T5A9500.jpg,False,0.6836609381438896
face\7T5A8445.jpg,face\7T5A9583.jpg,True,0.646326461152289
face\7T5A8445.jpg,face\7T5A9599.jpg,True,0.5670635073734767
face\7T5A8445.jpg,face\7T5A9654.jpg,True,0.576689440363771
face\7T5A8445.jpg,face\7T5A9676.jpg,True,0.5022344344699322
face\7T5A8445.jpg,face\7T5A9678.jpg,True,0.3380581203022818
face\7T5A8445.jpg,face\7T5A9678_2.jpg,True,0.5490634032941593
face\7T5A8445.jpg,face\7T5A9685.jpg,True,0.6368415441293804
face\7T5A8445.jpg,face\7T5A9685_2.jpg,True,0.6743682358555189
face\7T5A8445.jpg,face\7T5A9686.jpg,True,0.6556068047483296
face\7T5A8445.jpg,face\IMG_6716.jpg,True,0.563952582049112
face\7T5A8445.jpg,face\IMG_6752.jpg,False,0.7458850324057367
face\7T5A8445.jpg,face\IMG_6752_2.jpg,False,0.701276422222127
face\7T5A8445.jpg,face\IMG_6753.jpg,False,0.7093862336982709
face\7T5A8450.jpg,face\7T5A8452.jpg,True,0.43202936919938995
face\7T5A8450.jpg,face\7T5A8456.jpg,True,0.6576685769344829
face\7T5A8450.jpg,face\7T5A8457.jpg,True,0.4189201975522433
face\7T5A8450.jpg,face\7T5A8458.jpg,True,0.5468766509580574
face\7T5A8450.jpg,face\7T5A8468.jpg,True,0.4829294894616183
face\7T5A8450.jpg,face\7T5A8478.jpg,True,0.5739619266533956
face\7T5A8450.jpg,face\7T5A8485.jpg,False,0.7546235296873711
face\7T5A8450.jpg,face\7T5A8735.jpg,True,0.4963421173292125
face\7T5A8450.jpg,face\7T5A8740.jpg,True,0.38432046367100303
face\7T5A8450.jpg,face\7T5A8749.jpg,False,0.7323042727092267
face\7T5A8450.jpg,face\7T5A8753.jpg,True,0.6554456719810731
face\7T5A8450.jpg,face\7T5A8758.jpg,True,0.6724872867625737
face\7T5A8450.jpg,face\7T5A8762.jpg,False,0.6860827246502863
face\7T5A8450.jpg,face\7T5A8768.jpg,True,0.6569454629681988
face\7T5A8450.jpg,face\7T5A8795.jpg,False,0.6895343811020406
face\7T5A8450.jpg,face\7T5A8935.jpg,True,0.5601839691599575
face\7T5A8450.jpg,face\7T5A8936.jpg,True,0.3793936251014203
face\7T5A8450.jpg,face\7T5A9437.jpg,True,0.4540961374772402
face\7T5A8450.jpg,face\7T5A9449.jpg,True,0.37583479814759835
face\7T5A8450.jpg,face\7T5A9450.jpg,True,0.5666692650033942
face\7T5A8450.jpg,face\7T5A9451.jpg,True,0.5403450206425531
face\7T5A8450.jpg,face\7T5A9454.jpg,False,0.8030712092725141
face\7T5A8450.jpg,face\7T5A9474.jpg,True,0.39217527058276047
face\7T5A8450.jpg,face\7T5A9492.jpg,True,0.5205862298145179
face\7T5A8450.jpg,face\7T5A9492_2.jpg,True,0.5078670702246969
face\7T5A8450.jpg,face\7T5A9492_3.jpg,False,0.6960439532568592
face\7T5A8450.jpg,face\7T5A9493.jpg,True,0.4957584164200465
face\7T5A8450.jpg,face\7T5A9496.jpg,True,0.40877028457991105
face\7T5A8450.jpg,face\7T5A9500.jpg,True,0.5970809893339186
face\7T5A8450.jpg,face\7T5A9583.jpg,True,0.5093307723683796
face\7T5A8450.jpg,face\7T5A9599.jpg,True,0.5892309361411199
face\7T5A8450.jpg,face\7T5A9654.jpg,True,0.3633852517924405
face\7T5A8450.jpg,face\7T5A9676.jpg,True,0.5299596268502207
face\7T5A8450.jpg,face\7T5A9678.jpg,True,0.5260234483756343
face\7T5A8450.jpg,face\7T5A9678_2.jpg,True,0.3065602796288083
face\7T5A8450.jpg,face\7T5A9685.jpg,True,0.5792797596968202
face\7T5A8450.jpg,face\7T5A9685_2.jpg,True,0.6130272959282874
face\7T5A8450.jpg,face\7T5A9686.jpg,True,0.6055435234772248
face\7T5A8450.jpg,face\IMG_6716.jpg,True,0.5759449167869712
face\7T5A8450.jpg,face\IMG_6752.jpg,False,0.7311188544577104
face\7T5A8450.jpg,face\IMG_6752_2.jpg,True,0.5783894263079756
face\7T5A8450.jpg,face\IMG_6753.jpg,True,0.29157855492540696
face\7T5A8452.jpg,face\7T5A8456.jpg,True,0.48419936512112394
face\7T5A8452.jpg,face\7T5A8457.jpg,True,0.3256317076473475
face\7T5A8452.jpg,face\7T5A8458.jpg,True,0.6649537994777935
face\7T5A8452.jpg,face\7T5A8468.jpg,True,0.4505763380138468
face\7T5A8452.jpg,face\7T5A8478.jpg,True,0.4689486849721314
face\7T5A8452.jpg,face\7T5A8485.jpg,False,0.6871575436786757
face\7T5A8452.jpg,face\7T5A8735.jpg,True,0.3418324222675114
face\7T5A8452.jpg,face\7T5A8740.jpg,True,0.5799152136158949
face\7T5A8452.jpg,face\7T5A8749.jpg,True,0.5507345216876312
face\7T5A8452.jpg,face\7T5A8753.jpg,True,0.4401336569400669
face\7T5A8452.jpg,face\7T5A8758.jpg,True,0.49866103519710214
face\7T5A8452.jpg,face\7T5A8762.jpg,True,0.47810427536504907
face\7T5A8452.jpg,face\7T5A8768.jpg,True,0.49268739208895185
face\7T5A8452.jpg,face\7T5A8795.jpg,True,0.3690752576605614
face\7T5A8452.jpg,face\7T5A8935.jpg,True,0.24981690529556455
face\7T5A8452.jpg,face\7T5A8936.jpg,True,0.6428582015593772
face\7T5A8452.jpg,face\7T5A9437.jpg,True,0.577837243007538
face\7T5A8452.jpg,face\7T5A9449.jpg,True,0.3940516209841056
face\7T5A8452.jpg,face\7T5A9450.jpg,True,0.31945752516021697
face\7T5A8452.jpg,face\7T5A9451.jpg,True,0.2950735982557442
face\7T5A8452.jpg,face\7T5A9454.jpg,True,0.5403528092335992
face\7T5A8452.jpg,face\7T5A9474.jpg,True,0.6429664962661452
face\7T5A8452.jpg,face\7T5A9492.jpg,True,0.5241147994122669
face\7T5A8452.jpg,face\7T5A9492_2.jpg,True,0.5935937941714841
face\7T5A8452.jpg,face\7T5A9492_3.jpg,True,0.6770439891269762
face\7T5A8452.jpg,face\7T5A9493.jpg,True,0.4792072785542868
face\7T5A8452.jpg,face\7T5A9496.jpg,True,0.6103035109002972
face\7T5A8452.jpg,face\7T5A9500.jpg,True,0.5434312346761249
face\7T5A8452.jpg,face\7T5A9583.jpg,True,0.4910529397853842
face\7T5A8452.jpg,face\7T5A9599.jpg,True,0.39621432986388694
face\7T5A8452.jpg,face\7T5A9654.jpg,True,0.6176233863288397
face\7T5A8452.jpg,face\7T5A9676.jpg,True,0.408467271736227
face\7T5A8452.jpg,face\7T5A9678.jpg,True,0.2780891435421524
face\7T5A8452.jpg,face\7T5A9678_2.jpg,True,0.5620223891735376
face\7T5A8452.jpg,face\7T5A9685.jpg,True,0.4086509687695633
face\7T5A8452.jpg,face\7T5A9685_2.jpg,True,0.5333238471691217
face\7T5A8452.jpg,face\7T5A9686.jpg,True,0.5550607949786077
face\7T5A8452.jpg,face\IMG_6716.jpg,True,0.5767711990724175
face\7T5A8452.jpg,face\IMG_6752.jpg,True,0.6564944092589757
face\7T5A8452.jpg,face\IMG_6752_2.jpg,True,0.5160108562814529
face\7T5A8452.jpg,face\IMG_6753.jpg,True,0.6242218798134649
face\7T5A8456.jpg,face\7T5A8457.jpg,True,0.4841599614130253
face\7T5A8456.jpg,face\7T5A8458.jpg,True,0.5308544861360538
face\7T5A8456.jpg,face\7T5A8468.jpg,True,0.5741939921420027
face\7T5A8456.jpg,face\7T5A8478.jpg,True,0.4095843463565566
face\7T5A8456.jpg,face\7T5A8485.jpg,True,0.45187268724779583
face\7T5A8456.jpg,face\7T5A8735.jpg,True,0.5059725129999519
face\7T5A8456.jpg,face\7T5A8740.jpg,True,0.593440904390574
face\7T5A8456.jpg,face\7T5A8749.jpg,True,0.3379227695951149
face\7T5A8456.jpg,face\7T5A8753.jpg,True,0.40022524082158206
face\7T5A8456.jpg,face\7T5A8758.jpg,True,0.4661856852363875
face\7T5A8456.jpg,face\7T5A8762.jpg,True,0.4510282013259974
face\7T5A8456.jpg,face\7T5A8768.jpg,True,0.46176798960539656
face\7T5A8456.jpg,face\7T5A8795.jpg,True,0.5288830822867469
face\7T5A8456.jpg,face\7T5A8935.jpg,True,0.46672833212298426
face\7T5A8456.jpg,face\7T5A8936.jpg,True,0.6125764053529237
face\7T5A8456.jpg,face\7T5A9437.jpg,False,0.6824208298015686
face\7T5A8456.jpg,face\7T5A9449.jpg,True,0.4059989578603088
face\7T5A8456.jpg,face\7T5A9450.jpg,True,0.4398961588066528
face\7T5A8456.jpg,face\7T5A9451.jpg,True,0.4096476195940335
face\7T5A8456.jpg,face\7T5A9454.jpg,True,0.34704287146058843
face\7T5A8456.jpg,face\7T5A9474.jpg,True,0.5179503690923525
face\7T5A8456.jpg,face\7T5A9492.jpg,True,0.3940408136545701
face\7T5A8456.jpg,face\7T5A9492_2.jpg,True,0.5404180496392655
face\7T5A8456.jpg,face\7T5A9492_3.jpg,True,0.574107116885819
face\7T5A8456.jpg,face\7T5A9493.jpg,True,0.4871964887881607
face\7T5A8456.jpg,face\7T5A9496.jpg,True,0.6737965559588949
face\7T5A8456.jpg,face\7T5A9500.jpg,True,0.5274250716009145
face\7T5A8456.jpg,face\7T5A9583.jpg,True,0.49442600530327663
face\7T5A8456.jpg,face\7T5A9599.jpg,True,0.3427415960397828
face\7T5A8456.jpg,face\7T5A9654.jpg,True,0.5911350843937395
face\7T5A8456.jpg,face\7T5A9676.jpg,True,0.5238500621128197
face\7T5A8456.jpg,face\7T5A9678.jpg,True,0.49397331835357283
face\7T5A8456.jpg,face\7T5A9678_2.jpg,True,0.5710605879516192
face\7T5A8456.jpg,face\7T5A9685.jpg,True,0.5734323743052154
face\7T5A8456.jpg,face\7T5A9685_2.jpg,True,0.48954646288857884
face\7T5A8456.jpg,face\7T5A9686.jpg,True,0.48928005858593293
face\7T5A8456.jpg,face\IMG_6716.jpg,True,0.42706770899852575
face\7T5A8456.jpg,face\IMG_6752.jpg,True,0.5173291732115923
face\7T5A8456.jpg,face\IMG_6752_2.jpg,True,0.5240759466447089
face\7T5A8456.jpg,face\IMG_6753.jpg,True,0.6381459452384923
face\7T5A8457.jpg,face\7T5A8458.jpg,True,0.5983092311274884
face\7T5A8457.jpg,face\7T5A8468.jpg,True,0.3580480821111789
face\7T5A8457.jpg,face\7T5A8478.jpg,True,0.4414379805588676
face\7T5A8457.jpg,face\7T5A8485.jpg,True,0.6270016366294293
face\7T5A8457.jpg,face\7T5A8735.jpg,True,0.34341628388938694
face\7T5A8457.jpg,face\7T5A8740.jpg,True,0.4828162591401485
face\7T5A8457.jpg,face\7T5A8749.jpg,False,0.7158217414104933
face\7T5A8457.jpg,face\7T5A8753.jpg,True,0.4233702563531273
face\7T5A8457.jpg,face\7T5A8758.jpg,True,0.46484231587710256
face\7T5A8457.jpg,face\7T5A8762.jpg,True,0.4315178284303808
face\7T5A8457.jpg,face\7T5A8768.jpg,True,0.44025068026935854
face\7T5A8457.jpg,face\7T5A8795.jpg,True,0.4237995430339563
face\7T5A8457.jpg,face\7T5A8935.jpg,True,0.4528500303825871
face\7T5A8457.jpg,face\7T5A8936.jpg,True,0.5739407635266551
face\7T5A8457.jpg,face\7T5A9437.jpg,True,0.5002898635069505
face\7T5A8457.jpg,face\7T5A9449.jpg,True,0.36379333841023753
face\7T5A8457.jpg,face\7T5A9450.jpg,True,0.4642588570759727
face\7T5A8457.jpg,face\7T5A9451.jpg,True,0.38448687543798676
face\7T5A8457.jpg,face\7T5A9454.jpg,True,0.5537254702571192
face\7T5A8457.jpg,face\7T5A9474.jpg,True,0.5566604484881452
face\7T5A8457.jpg,face\7T5A9492.jpg,True,0.5305457724466356
face\7T5A8457.jpg,face\7T5A9492_2.jpg,True,0.5254896635658657
face\7T5A8457.jpg,face\7T5A9492_3.jpg,True,0.6025409161289643
face\7T5A8457.jpg,face\7T5A9493.jpg,True,0.49850103564188764
face\7T5A8457.jpg,face\7T5A9496.jpg,True,0.5377397929755297
face\7T5A8457.jpg,face\7T5A9500.jpg,True,0.49766581079783856
face\7T5A8457.jpg,face\7T5A9583.jpg,True,0.45493779655029254
face\7T5A8457.jpg,face\7T5A9599.jpg,True,0.40970274706244203
face\7T5A8457.jpg,face\7T5A9654.jpg,True,0.5539658386743891
face\7T5A8457.jpg,face\7T5A9676.jpg,True,0.44744409891477044
face\7T5A8457.jpg,face\7T5A9678.jpg,True,0.4035186679415427
face\7T5A8457.jpg,face\7T5A9678_2.jpg,True,0.5409293566683402
face\7T5A8457.jpg,face\7T5A9685.jpg,True,0.39612921634862197
face\7T5A8457.jpg,face\7T5A9685_2.jpg,True,0.5215623494752197
face\7T5A8457.jpg,face\7T5A9686.jpg,True,0.5710439805731731
face\7T5A8457.jpg,face\IMG_6716.jpg,True,0.5427167136984732
face\7T5A8457.jpg,face\IMG_6752.jpg,True,0.6371363096903011
face\7T5A8457.jpg,face\IMG_6752_2.jpg,True,0.46248169092025404
face\7T5A8457.jpg,face\IMG_6753.jpg,True,0.5555852603578799
face\7T5A8458.jpg,face\7T5A8468.jpg,True,0.5793373964293307
face\7T5A8458.jpg,face\7T5A8478.jpg,True,0.462141178915366
face\7T5A8458.jpg,face\7T5A8485.jpg,True,0.5513459364224294
face\7T5A8458.jpg,face\7T5A8735.jpg,False,0.7165515087460779
face\7T5A8458.jpg,face\7T5A8740.jpg,True,0.5290990388750908
face\7T5A8458.jpg,face\7T5A8749.jpg,False,0.7378716307953187
face\7T5A8458.jpg,face\7T5A8753.jpg,True,0.6179229271056554
face\7T5A8458.jpg,face\7T5A8758.jpg,True,0.6011154280565563
face\7T5A8458.jpg,face\7T5A8762.jpg,True,0.6337942889952175
face\7T5A8458.jpg,face\7T5A8768.jpg,True,0.6438902200561671
face\7T5A8458.jpg,face\7T5A8795.jpg,False,0.7297643622658747
face\7T5A8458.jpg,face\7T5A8935.jpg,True,0.6452472333649073
face\7T5A8458.jpg,face\7T5A8936.jpg,True,0.3252541556033468
face\7T5A8458.jpg,face\7T5A9437.jpg,True,0.532742472169722
face\7T5A8458.jpg,face\7T5A9449.jpg,True,0.5343316220134482
face\7T5A8458.jpg,face\7T5A9450.jpg,False,0.7421578757511467
face\7T5A8458.jpg,face\7T5A9451.jpg,False,0.6852401833635244
face\7T5A8458.jpg,face\7T5A9454.jpg,False,0.6803147402146692
face\7T5A8458.jpg,face\7T5A9474.jpg,True,0.34631746489410864
face\7T5A8458.jpg,face\7T5A9492.jpg,True,0.370294014836012
face\7T5A8458.jpg,face\7T5A9492_2.jpg,True,0.48528724490379416
face\7T5A8458.jpg,face\7T5A9492_3.jpg,True,0.6232524341571706
face\7T5A8458.jpg,face\7T5A9493.jpg,True,0.47369665999472166
face\7T5A8458.jpg,face\7T5A9496.jpg,True,0.5188775283806675
face\7T5A8458.jpg,face\7T5A9500.jpg,True,0.5567863531907384
face\7T5A8458.jpg,face\7T5A9583.jpg,True,0.4346379952401628
face\7T5A8458.jpg,face\7T5A9599.jpg,True,0.5913116382557723
face\7T5A8458.jpg,face\7T5A9654.jpg,True,0.48435121850065177
face\7T5A8458.jpg,face\7T5A9676.jpg,True,0.63760978102064
face\7T5A8458.jpg,face\7T5A9678.jpg,True,0.6649335746907611
face\7T5A8458.jpg,face\7T5A9678_2.jpg,True,0.5030421382099427
face\7T5A8458.jpg,face\7T5A9685.jpg,True,0.6352737867125371
face\7T5A8458.jpg,face\7T5A9685_2.jpg,True,0.5956774342216086
face\7T5A8458.jpg,face\7T5A9686.jpg,True,0.5790406095804386
face\7T5A8458.jpg,face\IMG_6716.jpg,True,0.367185682420359
face\7T5A8458.jpg,face\IMG_6752.jpg,True,0.5374066880431865
face\7T5A8458.jpg,face\IMG_6752_2.jpg,True,0.54440337333928
face\7T5A8458.jpg,face\IMG_6753.jpg,True,0.3756234895131032
face\7T5A8468.jpg,face\7T5A8478.jpg,True,0.31963592899080995
face\7T5A8468.jpg,face\7T5A8485.jpg,True,0.5618392862368194
face\7T5A8468.jpg,face\7T5A8735.jpg,True,0.5897040427036444
face\7T5A8468.jpg,face\7T5A8740.jpg,False,0.6969049578868638
face\7T5A8468.jpg,face\7T5A8749.jpg,False,0.7667062863183367
face\7T5A8468.jpg,face\7T5A8753.jpg,True,0.39814953136640097
face\7T5A8468.jpg,face\7T5A8758.jpg,True,0.4094968176361278
face\7T5A8468.jpg,face\7T5A8762.jpg,True,0.3761843347591305
face\7T5A8468.jpg,face\7T5A8768.jpg,True,0.4074290290777758
face\7T5A8468.jpg,face\7T5A8795.jpg,True,0.3902154423310481
face\7T5A8468.jpg,face\7T5A8935.jpg,True,0.38668891118404214
face\7T5A8468.jpg,face\7T5A8936.jpg,True,0.6212052677102751
face\7T5A8468.jpg,face\7T5A9437.jpg,True,0.4556724765230351
face\7T5A8468.jpg,face\7T5A9449.jpg,True,0.5827082606607619
face\7T5A8468.jpg,face\7T5A9450.jpg,True,0.662694255320144
face\7T5A8468.jpg,face\7T5A9451.jpg,True,0.5541871177340393
face\7T5A8468.jpg,face\7T5A9454.jpg,True,0.5231151016631782
face\7T5A8468.jpg,face\7T5A9474.jpg,True,0.5930870894113803
face\7T5A8468.jpg,face\7T5A9492.jpg,True,0.415248480197862
face\7T5A8468.jpg,face\7T5A9492_2.jpg,True,0.4814972410021954
face\7T5A8468.jpg,face\7T5A9492_3.jpg,True,0.5404679552068862
face\7T5A8468.jpg,face\7T5A9493.jpg,True,0.39091406433186104
face\7T5A8468.jpg,face\7T5A9496.jpg,True,0.6780848466351308
face\7T5A8468.jpg,face\7T5A9500.jpg,True,0.46395179659874497
face\7T5A8468.jpg,face\7T5A9583.jpg,True,0.4207656440060048
face\7T5A8468.jpg,face\7T5A9599.jpg,True,0.3741899394201067
face\7T5A8468.jpg,face\7T5A9654.jpg,True,0.6651686663246712
face\7T5A8468.jpg,face\7T5A9676.jpg,True,0.31828808545854803
face\7T5A8468.jpg,face\7T5A9678.jpg,True,0.4713713176359702
face\7T5A8468.jpg,face\7T5A9678_2.jpg,True,0.6466460557583256
face\7T5A8468.jpg,face\7T5A9685.jpg,True,0.3374150698486508
face\7T5A8468.jpg,face\7T5A9685_2.jpg,True,0.470590638297697
face\7T5A8468.jpg,face\7T5A9686.jpg,True,0.5009916090786928
face\7T5A8468.jpg,face\IMG_6716.jpg,True,0.4255594810738398
face\7T5A8468.jpg,face\IMG_6752.jpg,True,0.545807791384627
face\7T5A8468.jpg,face\IMG_6752_2.jpg,True,0.3192786004260254
face\7T5A8468.jpg,face\IMG_6753.jpg,True,0.5566846472827476
face\7T5A8478.jpg,face\7T5A8485.jpg,True,0.33480067973635896
face\7T5A8478.jpg,face\7T5A8735.jpg,True,0.5237137004224792
face\7T5A8478.jpg,face\7T5A8740.jpg,True,0.6366723429496233
face\7T5A8478.jpg,face\7T5A8749.jpg,True,0.6461068173889515
face\7T5A8478.jpg,face\7T5A8753.jpg,True,0.25356608706068506
face\7T5A8478.jpg,face\7T5A8758.jpg,True,0.2691835960791904
face\7T5A8478.jpg,face\7T5A8762.jpg,True,0.2556965761650123
face\7T5A8478.jpg,face\7T5A8768.jpg,True,0.265057741346754
face\7T5A8478.jpg,face\7T5A8795.jpg,True,0.42977277969162864
face\7T5A8478.jpg,face\7T5A8935.jpg,True,0.3471649948668498
face\7T5A8478.jpg,face\7T5A8936.jpg,True,0.5408802529143211
face\7T5A8478.jpg,face\7T5A9437.jpg,True,0.4531633232683143
face\7T5A8478.jpg,face\7T5A9449.jpg,True,0.46985789072508777
face\7T5A8478.jpg,face\7T5A9450.jpg,True,0.5918966379652421
face\7T5A8478.jpg,face\7T5A9451.jpg,True,0.47191236839703365
face\7T5A8478.jpg,face\7T5A9454.jpg,True,0.3806384149881338
face\7T5A8478.jpg,face\7T5A9474.jpg,True,0.512071052529169
face\7T5A8478.jpg,face\7T5A9492.jpg,True,0.28665029956317656
face\7T5A8478.jpg,face\7T5A9492_2.jpg,True,0.4833199186739451
face\7T5A8478.jpg,face\7T5A9492_3.jpg,True,0.4087700519915003
face\7T5A8478.jpg,face\7T5A9493.jpg,True,0.240502180731743
face\7T5A8478.jpg,face\7T5A9496.jpg,True,0.587137402325955
face\7T5A8478.jpg,face\7T5A9500.jpg,True,0.29615024622582453
face\7T5A8478.jpg,face\7T5A9583.jpg,True,0.27303648004231584
face\7T5A8478.jpg,face\7T5A9599.jpg,True,0.3376329518156167
face\7T5A8478.jpg,face\7T5A9654.jpg,True,0.5814262344521168
face\7T5A8478.jpg,face\7T5A9676.jpg,True,0.3229881091587661
face\7T5A8478.jpg,face\7T5A9678.jpg,True,0.44011160027366003
face\7T5A8478.jpg,face\7T5A9678_2.jpg,True,0.5547340601770767
face\7T5A8478.jpg,face\7T5A9685.jpg,True,0.27355835060083333
face\7T5A8478.jpg,face\7T5A9685_2.jpg,True,0.455213110324151
face\7T5A8478.jpg,face\7T5A9686.jpg,True,0.453460700292853
face\7T5A8478.jpg,face\IMG_6716.jpg,True,0.22456614919269424
face\7T5A8478.jpg,face\IMG_6752.jpg,True,0.38756380622694564
face\7T5A8478.jpg,face\IMG_6752_2.jpg,True,0.23421642202418747
face\7T5A8478.jpg,face\IMG_6753.jpg,True,0.5868066269080061
face\7T5A8485.jpg,face\7T5A8735.jpg,True,0.659868757250214
face\7T5A8485.jpg,face\7T5A8740.jpg,True,0.678811659545747
face\7T5A8485.jpg,face\7T5A8749.jpg,False,0.703388877151261
face\7T5A8485.jpg,face\7T5A8753.jpg,True,0.3672459695221757
face\7T5A8485.jpg,face\7T5A8758.jpg,True,0.3876071968819097
face\7T5A8485.jpg,face\7T5A8762.jpg,True,0.4029615789585128
face\7T5A8485.jpg,face\7T5A8768.jpg,True,0.34027792515484245
face\7T5A8485.jpg,face\7T5A8795.jpg,True,0.5722315858751129
face\7T5A8485.jpg,face\7T5A8935.jpg,True,0.4904233659896675
face\7T5A8485.jpg,face\7T5A8936.jpg,False,0.7045667372436737
face\7T5A8485.jpg,face\7T5A9437.jpg,False,0.6809833985706106
face\7T5A8485.jpg,face\7T5A9449.jpg,True,0.6129584821666907
face\7T5A8485.jpg,face\7T5A9450.jpg,False,0.7242373154289758
face\7T5A8485.jpg,face\7T5A9451.jpg,True,0.6293271874980447
face\7T5A8485.jpg,face\7T5A9454.jpg,True,0.4306205295931417
face\7T5A8485.jpg,face\7T5A9474.jpg,True,0.5681499122154838
face\7T5A8485.jpg,face\7T5A9492.jpg,True,0.37622681170626093
face\7T5A8485.jpg,face\7T5A9492_2.jpg,True,0.5271355926623332
face\7T5A8485.jpg,face\7T5A9492_3.jpg,True,0.23273026266153263
face\7T5A8485.jpg,face\7T5A9493.jpg,True,0.43629077043294096
face\7T5A8485.jpg,face\7T5A9496.jpg,False,0.7057775607657164
face\7T5A8485.jpg,face\7T5A9500.jpg,True,0.5514135099494659
face\7T5A8485.jpg,face\7T5A9583.jpg,True,0.31541086789093487
face\7T5A8485.jpg,face\7T5A9599.jpg,True,0.43802700713939335
face\7T5A8485.jpg,face\7T5A9654.jpg,True,0.6590673303380273
face\7T5A8485.jpg,face\7T5A9676.jpg,True,0.5443354160669829
face\7T5A8485.jpg,face\7T5A9678.jpg,True,0.611306370169074
face\7T5A8485.jpg,face\7T5A9678_2.jpg,True,0.6744541323555238
face\7T5A8485.jpg,face\7T5A9685.jpg,True,0.5174773153730432
face\7T5A8485.jpg,face\7T5A9685_2.jpg,True,0.45145874077707315
face\7T5A8485.jpg,face\7T5A9686.jpg,True,0.44377510377950036
face\7T5A8485.jpg,face\IMG_6716.jpg,True,0.35733087097194893
face\7T5A8485.jpg,face\IMG_6752.jpg,True,0.4477511775220201
face\7T5A8485.jpg,face\IMG_6752_2.jpg,True,0.31354081347420104
face\7T5A8485.jpg,face\IMG_6753.jpg,False,0.6806585350333599
face\7T5A8735.jpg,face\7T5A8740.jpg,True,0.36383077737556735
face\7T5A8735.jpg,face\7T5A8749.jpg,True,0.6202222195635533
face\7T5A8735.jpg,face\7T5A8753.jpg,True,0.36602638371876983
face\7T5A8735.jpg,face\7T5A8758.jpg,True,0.41477397888131107
face\7T5A8735.jpg,face\7T5A8762.jpg,True,0.38531026276029734
face\7T5A8735.jpg,face\7T5A8768.jpg,True,0.39605910293648894
face\7T5A8735.jpg,face\7T5A8795.jpg,True,0.36725902836743585
face\7T5A8735.jpg,face\7T5A8935.jpg,True,0.3738095022389325
face\7T5A8735.jpg,face\7T5A8936.jpg,True,0.6673685430571755
face\7T5A8735.jpg,face\7T5A9437.jpg,True,0.5601406542787337
face\7T5A8735.jpg,face\7T5A9449.jpg,True,0.17282904556761458
face\7T5A8735.jpg,face\7T5A9450.jpg,True,0.22611671911591513
face\7T5A8735.jpg,face\7T5A9451.jpg,True,0.2134991955697464
face\7T5A8735.jpg,face\7T5A9454.jpg,True,0.49957678030197417
face\7T5A8735.jpg,face\7T5A9474.jpg,True,0.5856030381885194
face\7T5A8735.jpg,face\7T5A9492.jpg,True,0.5716171703456583
face\7T5A8735.jpg,face\7T5A9492_2.jpg,True,0.6127156804282777
face\7T5A8735.jpg,face\7T5A9492_3.jpg,True,0.6461217150968469
face\7T5A8735.jpg,face\7T5A9493.jpg,True,0.5482601432770835
face\7T5A8735.jpg,face\7T5A9496.jpg,True,0.4546854314965857
face\7T5A8735.jpg,face\7T5A9500.jpg,True,0.5105356833589392
face\7T5A8735.jpg,face\7T5A9583.jpg,True,0.6095804181232206
face\7T5A8735.jpg,face\7T5A9599.jpg,True,0.45809402115334763
face\7T5A8735.jpg,face\7T5A9654.jpg,True,0.4942961808572697
face\7T5A8735.jpg,face\7T5A9676.jpg,True,0.4343898529690001
face\7T5A8735.jpg,face\7T5A9678.jpg,True,0.37630053143342057
face\7T5A8735.jpg,face\7T5A9678_2.jpg,True,0.40283575337211774
face\7T5A8735.jpg,face\7T5A9685.jpg,True,0.4049455472604375
face\7T5A8735.jpg,face\7T5A9685_2.jpg,False,0.6976301286014566
face\7T5A8735.jpg,face\7T5A9686.jpg,False,0.7037525578749109
face\7T5A8735.jpg,face\IMG_6716.jpg,True,0.611692387046787
face\7T5A8735.jpg,face\IMG_6752.jpg,False,0.7083679270065864
face\7T5A8735.jpg,face\IMG_6752_2.jpg,True,0.5594499889346078
face\7T5A8735.jpg,face\IMG_6753.jpg,True,0.6332018100592336
face\7T5A8740.jpg,face\7T5A8749.jpg,False,0.7705295905689613
face\7T5A8740.jpg,face\7T5A8753.jpg,True,0.6174757897761478
face\7T5A8740.jpg,face\7T5A8758.jpg,True,0.6237406345201513
face\7T5A8740.jpg,face\7T5A8762.jpg,True,0.6541395712269398
face\7T5A8740.jpg,face\7T5A8768.jpg,True,0.6377624827579673
face\7T5A8740.jpg,face\7T5A8795.jpg,False,0.7036774995199102
face\7T5A8740.jpg,face\7T5A8935.jpg,True,0.5983667651495843
face\7T5A8740.jpg,face\7T5A8936.jpg,True,0.4092924483031898
face\7T5A8740.jpg,face\7T5A9437.jpg,True,0.5228352333945603
face\7T5A8740.jpg,face\7T5A9449.jpg,True,0.2732951354308313
face\7T5A8740.jpg,face\7T5A9450.jpg,True,0.5261664692777321
face\7T5A8740.jpg,face\7T5A9451.jpg,True,0.523605489176114
face\7T5A8740.jpg,face\7T5A9454.jpg,False,0.7387776950757601
face\7T5A8740.jpg,face\7T5A9474.jpg,True,0.3183284950472679
face\7T5A8740.jpg,face\7T5A9492.jpg,True,0.552435508273575
face\7T5A8740.jpg,face\7T5A9492_2.jpg,True,0.5475099168508044
face\7T5A8740.jpg,face\7T5A9492_3.jpg,False,0.7006469646847584
face\7T5A8740.jpg,face\7T5A9493.jpg,True,0.5803950956463699
face\7T5A8740.jpg,face\7T5A9496.jpg,True,0.2725112009478571
face\7T5A8740.jpg,face\7T5A9500.jpg,True,0.6127378146918112
face\7T5A8740.jpg,face\7T5A9583.jpg,True,0.6037687505268128
face\7T5A8740.jpg,face\7T5A9599.jpg,True,0.6216656899317892
face\7T5A8740.jpg,face\7T5A9654.jpg,True,0.2781530182169837
face\7T5A8740.jpg,face\7T5A9676.jpg,True,0.6319907466924963
face\7T5A8740.jpg,face\7T5A9678.jpg,True,0.5988311235156105
face\7T5A8740.jpg,face\7T5A9678_2.jpg,True,0.24977200461976545
face\7T5A8740.jpg,face\7T5A9685.jpg,True,0.6710931721989812
face\7T5A8740.jpg,face\7T5A9685_2.jpg,False,0.7171954860895005
face\7T5A8740.jpg,face\7T5A9686.jpg,False,0.7036325840780329
face\7T5A8740.jpg,face\IMG_6716.jpg,True,0.6109674978287117
face\7T5A8740.jpg,face\IMG_6752.jpg,False,0.7795392546872487
face\7T5A8740.jpg,face\IMG_6752_2.jpg,True,0.6721408833543854
face\7T5A8740.jpg,face\IMG_6753.jpg,True,0.35615522498742125
face\7T5A8749.jpg,face\7T5A8753.jpg,True,0.5649443561969547
face\7T5A8749.jpg,face\7T5A8758.jpg,True,0.6266416235390422
face\7T5A8749.jpg,face\7T5A8762.jpg,True,0.6239915848205322
face\7T5A8749.jpg,face\7T5A8768.jpg,True,0.6297526124968214
face\7T5A8749.jpg,face\7T5A8795.jpg,True,0.6372824479169411
face\7T5A8749.jpg,face\7T5A8935.jpg,True,0.519748046202158
face\7T5A8749.jpg,face\7T5A8936.jpg,False,0.8004114304554352
face\7T5A8749.jpg,face\7T5A9437.jpg,False,0.7910625047278567
face\7T5A8749.jpg,face\7T5A9449.jpg,True,0.5708986655356374
face\7T5A8749.jpg,face\7T5A9450.jpg,True,0.4699221903712034
face\7T5A8749.jpg,face\7T5A9451.jpg,True,0.5022471396536491
face\7T5A8749.jpg,face\7T5A9454.jpg,True,0.5316072001684897
face\7T5A8749.jpg,face\7T5A9474.jpg,False,0.705808293327998
face\7T5A8749.jpg,face\7T5A9492.jpg,True,0.5728952034232427
face\7T5A8749.jpg,face\7T5A9492_2.jpg,False,0.7210487871517278
face\7T5A8749.jpg,face\7T5A9492_3.jpg,False,0.7444841632634469
face\7T5A8749.jpg,face\7T5A9493.jpg,True,0.6322628153906416
face\7T5A8749.jpg,face\7T5A9496.jpg,False,0.794964134135995
face\7T5A8749.jpg,face\7T5A9500.jpg,False,0.7179059662296627
face\7T5A8749.jpg,face\7T5A9583.jpg,False,0.685401196026516
face\7T5A8749.jpg,face\7T5A9599.jpg,True,0.5577573793148887
face\7T5A8749.jpg,face\7T5A9654.jpg,False,0.7133598747804817
face\7T5A8749.jpg,face\7T5A9676.jpg,True,0.6550752161075106
face\7T5A8749.jpg,face\7T5A9678.jpg,True,0.5360446501938405
face\7T5A8749.jpg,face\7T5A9678_2.jpg,False,0.6800578416784437
face\7T5A8749.jpg,face\7T5A9685.jpg,True,0.6740425035370297
face\7T5A8749.jpg,face\7T5A9685_2.jpg,True,0.5944164543420583
face\7T5A8749.jpg,face\7T5A9686.jpg,True,0.5873251002081471
face\7T5A8749.jpg,face\IMG_6716.jpg,True,0.6618823399825688
face\7T5A8749.jpg,face\IMG_6752.jpg,True,0.6541924905816702
face\7T5A8749.jpg,face\IMG_6752_2.jpg,False,0.7358262075277928
face\7T5A8749.jpg,face\IMG_6753.jpg,False,0.8045824818521345
face\7T5A8753.jpg,face\7T5A8758.jpg,True,0.046573824668169506
face\7T5A8753.jpg,face\7T5A8762.jpg,True,0.09436004580498603
face\7T5A8753.jpg,face\7T5A8768.jpg,True,0.09496893101009163
face\7T5A8753.jpg,face\7T5A8795.jpg,True,0.22239652108150842
face\7T5A8753.jpg,face\7T5A8935.jpg,True,0.24688562744907494
face\7T5A8753.jpg,face\7T5A8936.jpg,False,0.6864409215425356
face\7T5A8753.jpg,face\7T5A9437.jpg,True,0.5116133475422402
face\7T5A8753.jpg,face\7T5A9449.jpg,True,0.42309302030350016
face\7T5A8753.jpg,face\7T5A9450.jpg,True,0.4789094325902702
face\7T5A8753.jpg,face\7T5A9451.jpg,True,0.39021639527875596
face\7T5A8753.jpg,face\7T5A9454.jpg,True,0.19460178444827025
face\7T5A8753.jpg,face\7T5A9474.jpg,True,0.569468938338427
face\7T5A8753.jpg,face\7T5A9492.jpg,True,0.31963029422898825
face\7T5A8753.jpg,face\7T5A9492_2.jpg,True,0.5390070069922102
face\7T5A8753.jpg,face\7T5A9492_3.jpg,True,0.3939582632603431
face\7T5A8753.jpg,face\7T5A9493.jpg,True,0.31991601639044076
face\7T5A8753.jpg,face\7T5A9496.jpg,True,0.6412595065842879
face\7T5A8753.jpg,face\7T5A9500.jpg,True,0.4388786389801336
face\7T5A8753.jpg,face\7T5A9583.jpg,True,0.4161455811369019
face\7T5A8753.jpg,face\7T5A9599.jpg,True,0.25002094236391326
face\7T5A8753.jpg,face\7T5A9654.jpg,True,0.6137160222340055
face\7T5A8753.jpg,face\7T5A9676.jpg,True,0.3120285051335313
face\7T5A8753.jpg,face\7T5A9678.jpg,True,0.3664482361250131
face\7T5A8753.jpg,face\7T5A9678_2.jpg,True,0.5904987716876725
face\7T5A8753.jpg,face\7T5A9685.jpg,True,0.2517108391660253
face\7T5A8753.jpg,face\7T5A9685_2.jpg,True,0.4611184885031572
face\7T5A8753.jpg,face\7T5A9686.jpg,True,0.4679066931117306
face\7T5A8753.jpg,face\IMG_6716.jpg,True,0.38050077721360975
face\7T5A8753.jpg,face\IMG_6752.jpg,True,0.4848193256551727
face\7T5A8753.jpg,face\IMG_6752_2.jpg,True,0.314793926472656
face\7T5A8753.jpg,face\IMG_6753.jpg,False,0.6801112360792088
face\7T5A8758.jpg,face\7T5A8762.jpg,True,0.12838954413279435
face\7T5A8758.jpg,face\7T5A8768.jpg,True,0.12186667964472087
face\7T5A8758.jpg,face\7T5A8795.jpg,True,0.25193633083949907
face\7T5A8758.jpg,face\7T5A8935.jpg,True,0.2927534265141276
face\7T5A8758.jpg,face\7T5A8936.jpg,True,0.6707952851203975
face\7T5A8758.jpg,face\7T5A9437.jpg,True,0.46549382410463014
face\7T5A8758.jpg,face\7T5A9449.jpg,True,0.4728947329139983
face\7T5A8758.jpg,face\7T5A9450.jpg,True,0.5741474375531834
face\7T5A8758.jpg,face\7T5A9451.jpg,True,0.48383072577269304
face\7T5A8758.jpg,face\7T5A9454.jpg,True,0.22125476774803454
face\7T5A8758.jpg,face\7T5A9474.jpg,True,0.5527922730129551
face\7T5A8758.jpg,face\7T5A9492.jpg,True,0.29577823897083033
face\7T5A8758.jpg,face\7T5A9492_2.jpg,True,0.5206644227159574
face\7T5A8758.jpg,face\7T5A9492_3.jpg,True,0.4025713688388409
face\7T5A8758.jpg,face\7T5A9493.jpg,True,0.3144821752857949
face\7T5A8758.jpg,face\7T5A9496.jpg,True,0.6320162644820324
face\7T5A8758.jpg,face\7T5A9500.jpg,True,0.45980514959412777
face\7T5A8758.jpg,face\7T5A9583.jpg,True,0.4417568436615097
face\7T5A8758.jpg,face\7T5A9599.jpg,True,0.28443545275141324
face\7T5A8758.jpg,face\7T5A9654.jpg,True,0.6169980516231428
face\7T5A8758.jpg,face\7T5A9676.jpg,True,0.3115610326684932
face\7T5A8758.jpg,face\7T5A9678.jpg,True,0.39038188884147895
face\7T5A8758.jpg,face\7T5A9678_2.jpg,True,0.5927887991998131
face\7T5A8758.jpg,face\7T5A9685.jpg,True,0.26575529979519985
face\7T5A8758.jpg,face\7T5A9685_2.jpg,True,0.502813019211463
face\7T5A8758.jpg,face\7T5A9686.jpg,True,0.5020717319565003
face\7T5A8758.jpg,face\IMG_6716.jpg,True,0.35869469131199117
face\7T5A8758.jpg,face\IMG_6752.jpg,True,0.5039835246255938
face\7T5A8758.jpg,face\IMG_6752_2.jpg,True,0.3224286943820379
face\7T5A8758.jpg,face\IMG_6753.jpg,False,0.6844019514103148
face\7T5A8762.jpg,face\7T5A8768.jpg,True,0.09153849950232051
face\7T5A8762.jpg,face\7T5A8795.jpg,True,0.21785568671681665
face\7T5A8762.jpg,face\7T5A8935.jpg,True,0.3044135537778747
face\7T5A8762.jpg,face\7T5A8936.jpg,False,0.7065112223547632
face\7T5A8762.jpg,face\7T5A9437.jpg,True,0.5117228076862111
face\7T5A8762.jpg,face\7T5A9449.jpg,True,0.43408649525179
face\7T5A8762.jpg,face\7T5A9450.jpg,True,0.48608530001085615
face\7T5A8762.jpg,face\7T5A9451.jpg,True,0.38561523852965607
face\7T5A8762.jpg,face\7T5A9454.jpg,True,0.24544888091705463
face\7T5A8762.jpg,face\7T5A9474.jpg,True,0.6004977317715392
face\7T5A8762.jpg,face\7T5A9492.jpg,True,0.3716813901063756
face\7T5A8762.jpg,face\7T5A9492_2.jpg,True,0.5243250162588464
face\7T5A8762.jpg,face\7T5A9492_3.jpg,True,0.3714797250081472
face\7T5A8762.jpg,face\7T5A9493.jpg,True,0.3361414689165537
face\7T5A8762.jpg,face\7T5A9496.jpg,True,0.6254752156966991
face\7T5A8762.jpg,face\7T5A9500.jpg,True,0.36241862766265387
face\7T5A8762.jpg,face\7T5A9583.jpg,True,0.40924205012869286
face\7T5A8762.jpg,face\7T5A9599.jpg,True,0.3323726577757177
face\7T5A8762.jpg,face\7T5A9654.jpg,True,0.6211307406315203
face\7T5A8762.jpg,face\7T5A9676.jpg,True,0.3243669705500173
face\7T5A8762.jpg,face\7T5A9678.jpg,True,0.3532108507647588
face\7T5A8762.jpg,face\7T5A9678_2.jpg,True,0.5988969730929296
face\7T5A8762.jpg,face\7T5A9685.jpg,True,0.26110044502156227
face\7T5A8762.jpg,face\7T5A9685_2.jpg,True,0.49849048806211405
face\7T5A8762.jpg,face\7T5A9686.jpg,True,0.5082456522229999
face\7T5A8762.jpg,face\IMG_6716.jpg,True,0.39189210143084585
face\7T5A8762.jpg,face\IMG_6752.jpg,True,0.4986229042146366
face\7T5A8762.jpg,face\IMG_6752_2.jpg,True,0.3513770327871544
face\7T5A8762.jpg,face\IMG_6753.jpg,False,0.6962239340319767
face\7T5A8768.jpg,face\7T5A8795.jpg,True,0.25291725232988727
face\7T5A8768.jpg,face\7T5A8935.jpg,True,0.3291806976049949
face\7T5A8768.jpg,face\7T5A8936.jpg,False,0.6852536432505355
face\7T5A8768.jpg,face\7T5A9437.jpg,True,0.5217912558113342
face\7T5A8768.jpg,face\7T5A9449.jpg,True,0.4160283384643544
face\7T5A8768.jpg,face\7T5A9450.jpg,True,0.4873956425572097
face\7T5A8768.jpg,face\7T5A9451.jpg,True,0.3927621481086394
face\7T5A8768.jpg,face\7T5A9454.jpg,True,0.2797651500276249
face\7T5A8768.jpg,face\7T5A9474.jpg,True,0.5474870417056734
face\7T5A8768.jpg,face\7T5A9492.jpg,True,0.3469268503716365
face\7T5A8768.jpg,face\7T5A9492_2.jpg,True,0.48815522945844614
face\7T5A8768.jpg,face\7T5A9492_3.jpg,True,0.2595468575199611
face\7T5A8768.jpg,face\7T5A9493.jpg,True,0.3152564044916667
face\7T5A8768.jpg,face\7T5A9496.jpg,True,0.6095156069214593
face\7T5A8768.jpg,face\7T5A9500.jpg,True,0.3872952841687284
face\7T5A8768.jpg,face\7T5A9583.jpg,True,0.3527150428363057
face\7T5A8768.jpg,face\7T5A9599.jpg,True,0.3077267104255563
face\7T5A8768.jpg,face\7T5A9654.jpg,True,0.5841824189360793
face\7T5A8768.jpg,face\7T5A9676.jpg,True,0.29594735681840967
face\7T5A8768.jpg,face\7T5A9678.jpg,True,0.3488066138446697
face\7T5A8768.jpg,face\7T5A9678_2.jpg,True,0.56590203166688
face\7T5A8768.jpg,face\7T5A9685.jpg,True,0.27074524307701475
face\7T5A8768.jpg,face\7T5A9685_2.jpg,True,0.48908055945936757
face\7T5A8768.jpg,face\7T5A9686.jpg,True,0.4869840164284389
face\7T5A8768.jpg,face\IMG_6716.jpg,True,0.35864442603720403
face\7T5A8768.jpg,face\IMG_6752.jpg,True,0.47963507672224015
face\7T5A8768.jpg,face\IMG_6752_2.jpg,True,0.32061056171529245
face\7T5A8768.jpg,face\IMG_6753.jpg,True,0.6684975297268443
face\7T5A8795.jpg,face\7T5A8935.jpg,True,0.26340544402973354
face\7T5A8795.jpg,face\7T5A8936.jpg,False,0.779251975468369
face\7T5A8795.jpg,face\7T5A9437.jpg,True,0.5729554326147154
face\7T5A8795.jpg,face\7T5A9449.jpg,True,0.49409222157813093
face\7T5A8795.jpg,face\7T5A9450.jpg,True,0.45933730268328765
face\7T5A8795.jpg,face\7T5A9451.jpg,True,0.38446646905378734
face\7T5A8795.jpg,face\7T5A9454.jpg,True,0.31861478192069137
face\7T5A8795.jpg,face\7T5A9474.jpg,False,0.6972754077787482
face\7T5A8795.jpg,face\7T5A9492.jpg,True,0.4853260343704675
face\7T5A8795.jpg,face\7T5A9492_2.jpg,True,0.5613227202086343
face\7T5A8795.jpg,face\7T5A9492_3.jpg,True,0.5460242034829142
face\7T5A8795.jpg,face\7T5A9493.jpg,True,0.4797390898511028
face\7T5A8795.jpg,face\7T5A9496.jpg,False,0.7116613842253845
face\7T5A8795.jpg,face\7T5A9500.jpg,True,0.5161864076422437
face\7T5A8795.jpg,face\7T5A9583.jpg,True,0.5582000996764893
face\7T5A8795.jpg,face\7T5A9599.jpg,True,0.3815236879956574
face\7T5A8795.jpg,face\7T5A9654.jpg,False,0.7047632742690261
face\7T5A8795.jpg,face\7T5A9676.jpg,True,0.27607578830760793
face\7T5A8795.jpg,face\7T5A9678.jpg,True,0.29532615703690157
face\7T5A8795.jpg,face\7T5A9678_2.jpg,True,0.6726042074833426
face\7T5A8795.jpg,face\7T5A9685.jpg,True,0.3028588547243741
face\7T5A8795.jpg,face\7T5A9685_2.jpg,True,0.5925096011334241
face\7T5A8795.jpg,face\7T5A9686.jpg,True,0.6143301968428948
face\7T5A8795.jpg,face\IMG_6716.jpg,True,0.5384565007575687
face\7T5A8795.jpg,face\IMG_6752.jpg,True,0.6246704310357225
face\7T5A8795.jpg,face\IMG_6752_2.jpg,True,0.4413826702743142
face\7T5A8795.jpg,face\IMG_6753.jpg,False,0.7458996283352817
face\7T5A8935.jpg,face\7T5A8936.jpg,False,0.6860462333493254
face\7T5A8935.jpg,face\7T5A9437.jpg,True,0.5472441474736309
face\7T5A8935.jpg,face\7T5A9449.jpg,True,0.4209324779873149
face\7T5A8935.jpg,face\7T5A9450.jpg,True,0.3586162808524207
face\7T5A8935.jpg,face\7T5A9451.jpg,True,0.29999968841723346
face\7T5A8935.jpg,face\7T5A9454.jpg,True,0.33075584960859594
face\7T5A8935.jpg,face\7T5A9474.jpg,True,0.602085175210576
face\7T5A8935.jpg,face\7T5A9492.jpg,True,0.3670321291586197
face\7T5A8935.jpg,face\7T5A9492_2.jpg,True,0.5362544443460665
face\7T5A8935.jpg,face\7T5A9492_3.jpg,True,0.5471701302522378
face\7T5A8935.jpg,face\7T5A9493.jpg,True,0.3876700203482534
face\7T5A8935.jpg,face\7T5A9496.jpg,True,0.6232540354025591
face\7T5A8935.jpg,face\7T5A9500.jpg,True,0.5189256812747842
face\7T5A8935.jpg,face\7T5A9583.jpg,True,0.48128669498880594
face\7T5A8935.jpg,face\7T5A9599.jpg,True,0.2815461732479403
face\7T5A8935.jpg,face\7T5A9654.jpg,True,0.6126594450232625
face\7T5A8935.jpg,face\7T5A9676.jpg,True,0.28990237742401537
face\7T5A8935.jpg,face\7T5A9678.jpg,True,0.3135734955914078
face\7T5A8935.jpg,face\7T5A9678_2.jpg,True,0.5656823448634519
face\7T5A8935.jpg,face\7T5A9685.jpg,True,0.33569574703165117
face\7T5A8935.jpg,face\7T5A9685_2.jpg,True,0.48080633901776937
face\7T5A8935.jpg,face\7T5A9686.jpg,True,0.4878572465498763
face\7T5A8935.jpg,face\IMG_6716.jpg,True,0.43976231483699146
face\7T5A8935.jpg,face\IMG_6752.jpg,True,0.5830042237699437
face\7T5A8935.jpg,face\IMG_6752_2.jpg,True,0.4217906868058787
face\7T5A8935.jpg,face\IMG_6753.jpg,True,0.6609914766702554
face\7T5A8936.jpg,face\7T5A9437.jpg,True,0.44514626274891667
face\7T5A8936.jpg,face\7T5A9449.jpg,True,0.4380208790355522
face\7T5A8936.jpg,face\7T5A9450.jpg,False,0.7048887946929349
face\7T5A8936.jpg,face\7T5A9451.jpg,True,0.6724611943404828
face\7T5A8936.jpg,face\7T5A9454.jpg,False,0.7959555040381658
face\7T5A8936.jpg,face\7T5A9474.jpg,True,0.21265372018410034
face\7T5A8936.jpg,face\7T5A9492.jpg,True,0.41845195280264535
face\7T5A8936.jpg,face\7T5A9492_2.jpg,True,0.46609954904736783
face\7T5A8936.jpg,face\7T5A9492_3.jpg,True,0.6709975397289394
face\7T5A8936.jpg,face\7T5A9493.jpg,True,0.4738418372390065
face\7T5A8936.jpg,face\7T5A9496.jpg,True,0.3419603943584977
face\7T5A8936.jpg,face\7T5A9500.jpg,True,0.5696220388027133
face\7T5A8936.jpg,face\7T5A9583.jpg,True,0.48917551363348233
face\7T5A8936.jpg,face\7T5A9599.jpg,True,0.6445756294660716
face\7T5A8936.jpg,face\7T5A9654.jpg,True,0.2588049647303342
face\7T5A8936.jpg,face\7T5A9676.jpg,True,0.6207223420394377
face\7T5A8936.jpg,face\7T5A9678.jpg,True,0.6092214957507818
face\7T5A8936.jpg,face\7T5A9678_2.jpg,True,0.3048158543058578
face\7T5A8936.jpg,face\7T5A9685.jpg,True,0.6787657900205428
face\7T5A8936.jpg,face\7T5A9685_2.jpg,False,0.7255754745357778
face\7T5A8936.jpg,face\7T5A9686.jpg,False,0.7035286824525635
face\7T5A8936.jpg,face\IMG_6716.jpg,True,0.42526537102067463
face\7T5A8936.jpg,face\IMG_6752.jpg,False,0.7035795826584372
face\7T5A8936.jpg,face\IMG_6752_2.jpg,True,0.6486840094924446
face\7T5A8936.jpg,face\IMG_6753.jpg,True,0.2897087327933713
face\7T5A9437.jpg,face\7T5A9449.jpg,True,0.48371434636494093
face\7T5A9437.jpg,face\7T5A9450.jpg,False,0.696459960247815
face\7T5A9437.jpg,face\7T5A9451.jpg,True,0.5978469020665668
face\7T5A9437.jpg,face\7T5A9454.jpg,False,0.7050688453979331
face\7T5A9437.jpg,face\7T5A9474.jpg,True,0.4017144532166349
face\7T5A9437.jpg,face\7T5A9492.jpg,True,0.4246357601293186
face\7T5A9437.jpg,face\7T5A9492_2.jpg,True,0.45712557220598427
face\7T5A9437.jpg,face\7T5A9492_3.jpg,True,0.5854856044271651
face\7T5A9437.jpg,face\7T5A9493.jpg,True,0.3321527778922907
face\7T5A9437.jpg,face\7T5A9496.jpg,True,0.4081386011244206
face\7T5A9437.jpg,face\7T5A9500.jpg,True,0.4558170828465258
face\7T5A9437.jpg,face\7T5A9583.jpg,True,0.4903433371251995
face\7T5A9437.jpg,face\7T5A9599.jpg,True,0.6402316061397559
face\7T5A9437.jpg,face\7T5A9654.jpg,True,0.4504087638142912
face\7T5A9437.jpg,face\7T5A9676.jpg,True,0.3864150327666991
face\7T5A9437.jpg,face\7T5A9678.jpg,True,0.45350353817066424
face\7T5A9437.jpg,face\7T5A9678_2.jpg,True,0.4705905253869289
face\7T5A9437.jpg,face\7T5A9685.jpg,True,0.508295399222136
face\7T5A9437.jpg,face\7T5A9685_2.jpg,True,0.6526710930850086
face\7T5A9437.jpg,face\7T5A9686.jpg,True,0.6494321903156121
face\7T5A9437.jpg,face\IMG_6716.jpg,True,0.4246076524920346
face\7T5A9437.jpg,face\IMG_6752.jpg,True,0.6196149482659589
face\7T5A9437.jpg,face\IMG_6752_2.jpg,True,0.4959037176358573
face\7T5A9437.jpg,face\IMG_6753.jpg,True,0.4416979915116527
face\7T5A9449.jpg,face\7T5A9450.jpg,True,0.21922307284652864
face\7T5A9449.jpg,face\7T5A9451.jpg,True,0.2047644964255788
face\7T5A9449.jpg,face\7T5A9454.jpg,True,0.5481331431978631
face\7T5A9449.jpg,face\7T5A9474.jpg,True,0.3441579555357165
face\7T5A9449.jpg,face\7T5A9492.jpg,True,0.4283360269725751
face\7T5A9449.jpg,face\7T5A9492_2.jpg,True,0.4370279362861762
face\7T5A9449.jpg,face\7T5A9492_3.jpg,True,0.563791808711091
face\7T5A9449.jpg,face\7T5A9493.jpg,True,0.4668349638026519
face\7T5A9449.jpg,face\7T5A9496.jpg,True,0.30070610562070343
face\7T5A9449.jpg,face\7T5A9500.jpg,True,0.45214272929321586
face\7T5A9449.jpg,face\7T5A9583.jpg,True,0.5153178674032801
face\7T5A9449.jpg,face\7T5A9599.jpg,True,0.45082260851277467
face\7T5A9449.jpg,face\7T5A9654.jpg,True,0.26701920440520055
face\7T5A9449.jpg,face\7T5A9676.jpg,True,0.42390092471427154
face\7T5A9449.jpg,face\7T5A9678.jpg,True,0.34371877340196155
face\7T5A9449.jpg,face\7T5A9678_2.jpg,True,0.17384664091931734
face\7T5A9449.jpg,face\7T5A9685.jpg,True,0.4696112140494825
face\7T5A9449.jpg,face\7T5A9685_2.jpg,True,0.662286849580964
face\7T5A9449.jpg,face\7T5A9686.jpg,True,0.6521315129374697
face\7T5A9449.jpg,face\IMG_6716.jpg,True,0.4614595393876877
face\7T5A9449.jpg,face\IMG_6752.jpg,True,0.6707105666650588
face\7T5A9449.jpg,face\IMG_6752_2.jpg,True,0.543322079412087
face\7T5A9449.jpg,face\IMG_6753.jpg,True,0.45179012541265273
face\7T5A9450.jpg,face\7T5A9451.jpg,True,0.063481381664523
face\7T5A9450.jpg,face\7T5A9454.jpg,True,0.507241467107364
face\7T5A9450.jpg,face\7T5A9474.jpg,True,0.6175788270430025
face\7T5A9450.jpg,face\7T5A9492.jpg,True,0.6038476353026059
face\7T5A9450.jpg,face\7T5A9492_2.jpg,True,0.6238248398925603
face\7T5A9450.jpg,face\7T5A9492_3.jpg,False,0.706514363697825
face\7T5A9450.jpg,face\7T5A9493.jpg,True,0.5861650504119511
face\7T5A9450.jpg,face\7T5A9496.jpg,True,0.5640480250365538
face\7T5A9450.jpg,face\7T5A9500.jpg,True,0.5667483513509163
face\7T5A9450.jpg,face\7T5A9583.jpg,True,0.6643273897115548
face\7T5A9450.jpg,face\7T5A9599.jpg,True,0.4759733697955305
face\7T5A9450.jpg,face\7T5A9654.jpg,True,0.5518142354579136
face\7T5A9450.jpg,face\7T5A9676.jpg,True,0.5273523271182249
face\7T5A9450.jpg,face\7T5A9678.jpg,True,0.368045786023114
face\7T5A9450.jpg,face\7T5A9678_2.jpg,True,0.4752308913327541
face\7T5A9450.jpg,face\7T5A9685.jpg,True,0.5525164092186763
face\7T5A9450.jpg,face\7T5A9685_2.jpg,True,0.6686792352513314
face\7T5A9450.jpg,face\7T5A9686.jpg,True,0.6675629348478138
face\7T5A9450.jpg,face\IMG_6716.jpg,True,0.643790108390937
face\7T5A9450.jpg,face\IMG_6752.jpg,False,0.7205873340640573
face\7T5A9450.jpg,face\IMG_6752_2.jpg,False,0.7026324532317474
face\7T5A9450.jpg,face\IMG_6753.jpg,False,0.6889932700950607
face\7T5A9451.jpg,face\7T5A9454.jpg,True,0.45328758244352574
face\7T5A9451.jpg,face\7T5A9474.jpg,True,0.5846319467560226
face\7T5A9451.jpg,face\7T5A9492.jpg,True,0.5198226321121733
face\7T5A9451.jpg,face\7T5A9492_2.jpg,True,0.5521727892827168
face\7T5A9451.jpg,face\7T5A9492_3.jpg,True,0.6173500891678484
face\7T5A9451.jpg,face\7T5A9493.jpg,True,0.4802882454438998
face\7T5A9451.jpg,face\7T5A9496.jpg,True,0.5362716920497654
face\7T5A9451.jpg,face\7T5A9500.jpg,True,0.46103044560531314
face\7T5A9451.jpg,face\7T5A9583.jpg,True,0.5590209541104157
face\7T5A9451.jpg,face\7T5A9599.jpg,True,0.431810201740195
face\7T5A9451.jpg,face\7T5A9654.jpg,True,0.5364392637572475
face\7T5A9451.jpg,face\7T5A9676.jpg,True,0.44275404929153905
face\7T5A9451.jpg,face\7T5A9678.jpg,True,0.3184816763634344
face\7T5A9451.jpg,face\7T5A9678_2.jpg,True,0.4764776316558914
face\7T5A9451.jpg,face\7T5A9685.jpg,True,0.4429906718920441
face\7T5A9451.jpg,face\7T5A9685_2.jpg,True,0.6120769222137847
face\7T5A9451.jpg,face\7T5A9686.jpg,True,0.6188484971986017
face\7T5A9451.jpg,face\IMG_6716.jpg,True,0.530825358999686
face\7T5A9451.jpg,face\IMG_6752.jpg,True,0.648172434406362
face\7T5A9451.jpg,face\IMG_6752_2.jpg,True,0.5740087190053744
face\7T5A9451.jpg,face\IMG_6753.jpg,True,0.6500011412583929
face\7T5A9454.jpg,face\7T5A9474.jpg,False,0.6830840184750024
face\7T5A9454.jpg,face\7T5A9492.jpg,True,0.407789021941131
face\7T5A9454.jpg,face\7T5A9492_2.jpg,True,0.627471103039209
face\7T5A9454.jpg,face\7T5A9492_3.jpg,True,0.5713793224245666
face\7T5A9454.jpg,face\7T5A9493.jpg,True,0.48462944239976646
face\7T5A9454.jpg,face\7T5A9496.jpg,False,0.7796946935320639
face\7T5A9454.jpg,face\7T5A9500.jpg,True,0.5555553404689033
face\7T5A9454.jpg,face\7T5A9583.jpg,True,0.5976180656015984
face\7T5A9454.jpg,face\7T5A9599.jpg,True,0.25996101894430657
face\7T5A9454.jpg,face\7T5A9654.jpg,False,0.7536632678038007
face\7T5A9454.jpg,face\7T5A9676.jpg,True,0.4867589229257969
face\7T5A9454.jpg,face\7T5A9678.jpg,True,0.5043567727636494
face\7T5A9454.jpg,face\7T5A9678_2.jpg,False,0.7279529144183616
face\7T5A9454.jpg,face\7T5A9685.jpg,True,0.44639880073003957
face\7T5A9454.jpg,face\7T5A9685_2.jpg,True,0.5095407227292228
face\7T5A9454.jpg,face\7T5A9686.jpg,True,0.5094499035905063
face\7T5A9454.jpg,face\IMG_6716.jpg,True,0.4834678487370513
face\7T5A9454.jpg,face\IMG_6752.jpg,True,0.5536132049475982
face\7T5A9454.jpg,face\IMG_6752_2.jpg,True,0.5066731433410344
face\7T5A9454.jpg,face\IMG_6753.jpg,False,0.8072742142294691
face\7T5A9474.jpg,face\7T5A9492.jpg,True,0.27934695687668654
face\7T5A9474.jpg,face\7T5A9492_2.jpg,True,0.30277430393794835
face\7T5A9474.jpg,face\7T5A9492_3.jpg,True,0.5322120989536334
face\7T5A9474.jpg,face\7T5A9493.jpg,True,0.38948122855203693
face\7T5A9474.jpg,face\7T5A9496.jpg,True,0.31352504455507935
face\7T5A9474.jpg,face\7T5A9500.jpg,True,0.5344729741393448
face\7T5A9474.jpg,face\7T5A9583.jpg,True,0.43350007457466455
face\7T5A9474.jpg,face\7T5A9599.jpg,True,0.5293838471134283
face\7T5A9474.jpg,face\7T5A9654.jpg,True,0.21107546406310673
face\7T5A9474.jpg,face\7T5A9676.jpg,True,0.5488552146687735
face\7T5A9474.jpg,face\7T5A9678.jpg,True,0.5446703906108276
face\7T5A9474.jpg,face\7T5A9678_2.jpg,True,0.23940972993919518
face\7T5A9474.jpg,face\7T5A9685.jpg,True,0.6268974875035719
face\7T5A9474.jpg,face\7T5A9685_2.jpg,True,0.5922645077919437
face\7T5A9474.jpg,face\7T5A9686.jpg,True,0.5572682305766394
face\7T5A9474.jpg,face\IMG_6716.jpg,True,0.338461145217685
face\7T5A9474.jpg,face\IMG_6752.jpg,True,0.6108848530894723
face\7T5A9474.jpg,face\IMG_6752_2.jpg,True,0.5658672298339777
face\7T5A9474.jpg,face\IMG_6753.jpg,True,0.2708445077886006
face\7T5A9492.jpg,face\7T5A9492_2.jpg,True,0.26289322078417054
face\7T5A9492.jpg,face\7T5A9492_3.jpg,True,0.4146493825968035
face\7T5A9492.jpg,face\7T5A9493.jpg,True,0.22027744773672386
face\7T5A9492.jpg,face\7T5A9496.jpg,True,0.5120082335338308
face\7T5A9492.jpg,face\7T5A9500.jpg,True,0.41668176837579907
face\7T5A9492.jpg,face\7T5A9583.jpg,True,0.3490611424549871
face\7T5A9492.jpg,face\7T5A9599.jpg,True,0.2930781516358276
face\7T5A9492.jpg,face\7T5A9654.jpg,True,0.43451657420738543
face\7T5A9492.jpg,face\7T5A9676.jpg,True,0.37390760990209015
face\7T5A9492.jpg,face\7T5A9678.jpg,True,0.42318791437065195
face\7T5A9492.jpg,face\7T5A9678_2.jpg,True,0.4166398882864346
face\7T5A9492.jpg,face\7T5A9685.jpg,True,0.40223241237599383
face\7T5A9492.jpg,face\7T5A9685_2.jpg,True,0.48693109586229766
face\7T5A9492.jpg,face\7T5A9686.jpg,True,0.4586623381848658
face\7T5A9492.jpg,face\IMG_6716.jpg,True,0.14886393602721038
face\7T5A9492.jpg,face\IMG_6752.jpg,True,0.4961707847740744
face\7T5A9492.jpg,face\IMG_6752_2.jpg,True,0.36397212338471385
face\7T5A9492.jpg,face\IMG_6753.jpg,True,0.47986342029284323
face\7T5A9492_2.jpg,face\7T5A9492_3.jpg,True,0.44797788757128887
face\7T5A9492_2.jpg,face\7T5A9493.jpg,True,0.38788400679106505
face\7T5A9492_2.jpg,face\7T5A9496.jpg,True,0.4128065313225705
face\7T5A9492_2.jpg,face\7T5A9500.jpg,True,0.4627083414978417
face\7T5A9492_2.jpg,face\7T5A9583.jpg,True,0.4051622365492382
face\7T5A9492_2.jpg,face\7T5A9599.jpg,True,0.4807613787653615
face\7T5A9492_2.jpg,face\7T5A9654.jpg,True,0.3749391536127413
face\7T5A9492_2.jpg,face\7T5A9676.jpg,True,0.42970569968811057
face\7T5A9492_2.jpg,face\7T5A9678.jpg,True,0.40420212757151974
face\7T5A9492_2.jpg,face\7T5A9678_2.jpg,True,0.3851807959739477
face\7T5A9492_2.jpg,face\7T5A9685.jpg,True,0.5622203535874104
face\7T5A9492_2.jpg,face\7T5A9685_2.jpg,True,0.5801309417133791
face\7T5A9492_2.jpg,face\7T5A9686.jpg,True,0.5716601362232913
face\7T5A9492_2.jpg,face\IMG_6716.jpg,True,0.3714478553157471
face\7T5A9492_2.jpg,face\IMG_6752.jpg,True,0.6221256816307467
face\7T5A9492_2.jpg,face\IMG_6752_2.jpg,True,0.502056337976426
face\7T5A9492_2.jpg,face\IMG_6753.jpg,True,0.43773220075605834
face\7T5A9492_3.jpg,face\7T5A9493.jpg,True,0.42276815721471883
face\7T5A9492_3.jpg,face\7T5A9496.jpg,True,0.6253903667516698
face\7T5A9492_3.jpg,face\7T5A9500.jpg,True,0.5174701931365076
face\7T5A9492_3.jpg,face\7T5A9583.jpg,True,0.28061427170420217
face\7T5A9492_3.jpg,face\7T5A9599.jpg,True,0.520283668564921
face\7T5A9492_3.jpg,face\7T5A9654.jpg,True,0.5582331755299195
face\7T5A9492_3.jpg,face\7T5A9676.jpg,True,0.44882527670829886
face\7T5A9492_3.jpg,face\7T5A9678.jpg,True,0.49450067466528413
face\7T5A9492_3.jpg,face\7T5A9678_2.jpg,True,0.5868317225147076
face\7T5A9492_3.jpg,face\7T5A9685.jpg,True,0.5055363791504677
face\7T5A9492_3.jpg,face\7T5A9685_2.jpg,True,0.5247778570109523
face\7T5A9492_3.jpg,face\7T5A9686.jpg,True,0.5114547432531696
face\7T5A9492_3.jpg,face\IMG_6716.jpg,True,0.3898616670282634
face\7T5A9492_3.jpg,face\IMG_6752.jpg,True,0.5157218216019885
face\7T5A9492_3.jpg,face\IMG_6752_2.jpg,True,0.36627624823044513
face\7T5A9492_3.jpg,face\IMG_6753.jpg,True,0.6204917895015775
face\7T5A9493.jpg,face\7T5A9496.jpg,True,0.5107261924264257
face\7T5A9493.jpg,face\7T5A9500.jpg,True,0.23906736309963683
face\7T5A9493.jpg,face\7T5A9583.jpg,True,0.25908815618253955
face\7T5A9493.jpg,face\7T5A9599.jpg,True,0.40409298218676015
face\7T5A9493.jpg,face\7T5A9654.jpg,True,0.4479813261937816
face\7T5A9493.jpg,face\7T5A9676.jpg,True,0.37490872638527095
face\7T5A9493.jpg,face\7T5A9678.jpg,True,0.3999605380325605
face\7T5A9493.jpg,face\7T5A9678_2.jpg,True,0.4882978199689587
face\7T5A9493.jpg,face\7T5A9685.jpg,True,0.33932863317330064
face\7T5A9493.jpg,face\7T5A9685_2.jpg,True,0.46077381567487785
face\7T5A9493.jpg,face\7T5A9686.jpg,True,0.4547519478098624
face\7T5A9493.jpg,face\IMG_6716.jpg,True,0.21518975315672373
face\7T5A9493.jpg,face\IMG_6752.jpg,True,0.45756250361418926
face\7T5A9493.jpg,face\IMG_6752_2.jpg,True,0.38777366585422535
face\7T5A9493.jpg,face\IMG_6753.jpg,True,0.5384229483846348
face\7T5A9496.jpg,face\7T5A9500.jpg,True,0.5218082435632783
face\7T5A9496.jpg,face\7T5A9583.jpg,True,0.5016585045361187
face\7T5A9496.jpg,face\7T5A9599.jpg,True,0.670092061978571
face\7T5A9496.jpg,face\7T5A9654.jpg,True,0.18575881465025101
face\7T5A9496.jpg,face\7T5A9676.jpg,True,0.5784648866538131
face\7T5A9496.jpg,face\7T5A9678.jpg,True,0.5083255815380223
face\7T5A9496.jpg,face\7T5A9678_2.jpg,True,0.20650499857333415
face\7T5A9496.jpg,face\7T5A9685.jpg,True,0.6516286498913388
face\7T5A9496.jpg,face\7T5A9685_2.jpg,False,0.7408968448004997
face\7T5A9496.jpg,face\7T5A9686.jpg,False,0.7305300619384556
face\7T5A9496.jpg,face\IMG_6716.jpg,True,0.525661569458271
face\7T5A9496.jpg,face\IMG_6752.jpg,False,0.7204513069975629
face\7T5A9496.jpg,face\IMG_6752_2.jpg,True,0.6565120129186062
face\7T5A9496.jpg,face\IMG_6753.jpg,True,0.33707458553874636
face\7T5A9500.jpg,face\7T5A9583.jpg,True,0.36298509234526666
face\7T5A9500.jpg,face\7T5A9599.jpg,True,0.5363813518450385
face\7T5A9500.jpg,face\7T5A9654.jpg,True,0.5307231924991797
face\7T5A9500.jpg,face\7T5A9676.jpg,True,0.43125590482869236
face\7T5A9500.jpg,face\7T5A9678.jpg,True,0.4712354299606054
face\7T5A9500.jpg,face\7T5A9678_2.jpg,True,0.5525610773313766
face\7T5A9500.jpg,face\7T5A9685.jpg,True,0.3930283451101334
face\7T5A9500.jpg,face\7T5A9685_2.jpg,True,0.5938349867973961
face\7T5A9500.jpg,face\7T5A9686.jpg,True,0.604634945335795
face\7T5A9500.jpg,face\IMG_6716.jpg,True,0.3859660626291199
face\7T5A9500.jpg,face\IMG_6752.jpg,True,0.5150171570658555
face\7T5A9500.jpg,face\IMG_6752_2.jpg,True,0.46663565901714754
face\7T5A9500.jpg,face\IMG_6753.jpg,True,0.614939214536112
face\7T5A9583.jpg,face\7T5A9599.jpg,True,0.4511520048055164
face\7T5A9583.jpg,face\7T5A9654.jpg,True,0.48007819320980594
face\7T5A9583.jpg,face\7T5A9676.jpg,True,0.44629067209247864
face\7T5A9583.jpg,face\7T5A9678.jpg,True,0.4656602425711178
face\7T5A9583.jpg,face\7T5A9678_2.jpg,True,0.5243987870671275
face\7T5A9583.jpg,face\7T5A9685.jpg,True,0.4154891107766362
face\7T5A9583.jpg,face\7T5A9685_2.jpg,True,0.3304775422378865
face\7T5A9583.jpg,face\7T5A9686.jpg,True,0.3321558619535945
face\7T5A9583.jpg,face\IMG_6716.jpg,True,0.30737585102271403
face\7T5A9583.jpg,face\IMG_6752.jpg,True,0.3720953287261537
face\7T5A9583.jpg,face\IMG_6752_2.jpg,True,0.28668170603598886
face\7T5A9583.jpg,face\IMG_6753.jpg,True,0.4727919669746996
face\7T5A9599.jpg,face\7T5A9654.jpg,True,0.6413251930725011
face\7T5A9599.jpg,face\7T5A9676.jpg,True,0.4082369053017051
face\7T5A9599.jpg,face\7T5A9678.jpg,True,0.4377416171688344
face\7T5A9599.jpg,face\7T5A9678_2.jpg,True,0.5615656211708131
face\7T5A9599.jpg,face\7T5A9685.jpg,True,0.33719832939473604
face\7T5A9599.jpg,face\7T5A9685_2.jpg,True,0.39275814784081853
face\7T5A9599.jpg,face\7T5A9686.jpg,True,0.38448310195858504
face\7T5A9599.jpg,face\IMG_6716.jpg,True,0.38110472264969064
face\7T5A9599.jpg,face\IMG_6752.jpg,True,0.5279269980950607
face\7T5A9599.jpg,face\IMG_6752_2.jpg,True,0.3846404769959161
face\7T5A9599.jpg,face\IMG_6753.jpg,True,0.6375393911920278
face\7T5A9654.jpg,face\7T5A9676.jpg,True,0.5403560952629498
face\7T5A9654.jpg,face\7T5A9678.jpg,True,0.4810068525802721
face\7T5A9654.jpg,face\7T5A9678_2.jpg,True,0.15040260927642668
face\7T5A9654.jpg,face\7T5A9685.jpg,True,0.6389084186173437
face\7T5A9654.jpg,face\7T5A9685_2.jpg,False,0.7462211586004749
face\7T5A9654.jpg,face\7T5A9686.jpg,False,0.7289954937467278
face\7T5A9654.jpg,face\IMG_6716.jpg,True,0.4718567264732867
face\7T5A9654.jpg,face\IMG_6752.jpg,False,0.7403972177095784
face\7T5A9654.jpg,face\IMG_6752_2.jpg,True,0.6601477588050335
face\7T5A9654.jpg,face\IMG_6753.jpg,True,0.30680040881157455
face\7T5A9676.jpg,face\7T5A9678.jpg,True,0.24579483242192401
face\7T5A9676.jpg,face\7T5A9678_2.jpg,True,0.5092868196563687
face\7T5A9676.jpg,face\7T5A9685.jpg,True,0.30410308534708685
face\7T5A9676.jpg,face\7T5A9685_2.jpg,True,0.6028155994821885
face\7T5A9676.jpg,face\7T5A9686.jpg,True,0.6096412556274348
face\7T5A9676.jpg,face\IMG_6716.jpg,True,0.40287145349792886
face\7T5A9676.jpg,face\IMG_6752.jpg,True,0.5739341456960031
face\7T5A9676.jpg,face\IMG_6752_2.jpg,True,0.3422531071492031
face\7T5A9676.jpg,face\IMG_6753.jpg,True,0.5644211394219866
face\7T5A9678.jpg,face\7T5A9678_2.jpg,True,0.4484417281599046
face\7T5A9678.jpg,face\7T5A9685.jpg,True,0.41032617591631604
face\7T5A9678.jpg,face\7T5A9685_2.jpg,True,0.5966140812936848
face\7T5A9678.jpg,face\7T5A9686.jpg,True,0.6040966734366471
face\7T5A9678.jpg,face\IMG_6716.jpg,True,0.4721533628423825
face\7T5A9678.jpg,face\IMG_6752.jpg,True,0.674560897633813
face\7T5A9678.jpg,face\IMG_6752_2.jpg,True,0.5052444016959731
face\7T5A9678.jpg,face\IMG_6753.jpg,True,0.5921374654979146
face\7T5A9678_2.jpg,face\7T5A9685.jpg,True,0.5796123591227589
face\7T5A9678_2.jpg,face\7T5A9685_2.jpg,False,0.7155812499139408
face\7T5A9678_2.jpg,face\7T5A9686.jpg,True,0.6797761856860863
face\7T5A9678_2.jpg,face\IMG_6716.jpg,True,0.47268578849350085
face\7T5A9678_2.jpg,face\IMG_6752.jpg,False,0.737504775947356
face\7T5A9678_2.jpg,face\IMG_6752_2.jpg,True,0.607081931208785
face\7T5A9678_2.jpg,face\IMG_6753.jpg,True,0.31403958581747027
face\7T5A9685.jpg,face\7T5A9685_2.jpg,True,0.5617162576149508
face\7T5A9685.jpg,face\7T5A9686.jpg,True,0.5880565691273654
face\7T5A9685.jpg,face\IMG_6716.jpg,True,0.3999063575841596
face\7T5A9685.jpg,face\IMG_6752.jpg,True,0.5066634385052939
face\7T5A9685.jpg,face\IMG_6752_2.jpg,True,0.26644008169779665
face\7T5A9685.jpg,face\IMG_6753.jpg,False,0.6863939085493344
face\7T5A9685_2.jpg,face\7T5A9686.jpg,True,0.028123111082043795
face\7T5A9685_2.jpg,face\IMG_6716.jpg,True,0.5425933979957611
face\7T5A9685_2.jpg,face\IMG_6752.jpg,True,0.3728967887533218
face\7T5A9685_2.jpg,face\IMG_6752_2.jpg,True,0.45802000617672156
face\7T5A9685_2.jpg,face\IMG_6753.jpg,True,0.6522657956592119
face\7T5A9686.jpg,face\IMG_6716.jpg,True,0.5203013535358837
face\7T5A9686.jpg,face\IMG_6752.jpg,True,0.38284617610028415
face\7T5A9686.jpg,face\IMG_6752_2.jpg,True,0.47099039676739574
face\7T5A9686.jpg,face\IMG_6753.jpg,True,0.6225175519267097
face\IMG_6716.jpg,face\IMG_6752.jpg,True,0.4268298274814698
face\IMG_6716.jpg,face\IMG_6752_2.jpg,True,0.303165495050826
face\IMG_6716.jpg,face\IMG_6753.jpg,True,0.5116083302562543
face\IMG_6752.jpg,face\IMG_6752_2.jpg,True,0.3805766235151725
face\IMG_6752.jpg,face\IMG_6753.jpg,True,0.6760611046006806
face\IMG_6752_2.jpg,face\IMG_6753.jpg,True,0.5985628879424698

task_datasets\IMG_6750.JPG,task_datasets\IMG_6753.JPG,True,0.4779062409298054
task_datasets\IMG_6752.JPG,task_datasets\IMG_6753.JPG,True,0.40877082707731094
